2016-02-03 14:12:44.69899+08	5447996562141	84745951	\N	简直觉得基地快点快点快点开快点	49	draft	f	2016-02-03 14:12:44.69899+08	f	2016-03-02 18:28:46.894183+08	t	f
2016-02-03 14:17:59.339207+08	5448027976895	84745951	\N	那些继续进行快点发那么疯狂疯狂疯狂	49	draft	f	2016-02-03 14:17:59.339207+08	f	2016-03-02 18:28:46.894183+08	t	f
2016-02-25 10:19:49.456623+08	5636679136248	84743844	\N	活该锅盖头反反复复刚刚	49	draft	f	2016-02-25 10:19:49.456623+08	f	2016-03-02 18:28:46.894183+08	t	f
2016-02-05 14:17:15.843799+08	5465303886730	84758758	\N	想了解茵曼线下实体店运作模式及加盟代理合作条件。	49	closed	f	2016-02-15 17:55:20.422601+08	f	2016-03-02 18:28:46.894183+08	t	f
2016-02-03 14:18:20.697154+08	5448030196601	84745950	\N	简直就像觉得基地觉得肯定看看大家	49	closed	f	2016-02-03 14:20:14.893887+08	f	2016-03-02 18:28:46.894183+08	t	f
2016-02-04 13:04:32.112426+08	5456227053380	84753335	84773583	想找一个理财师作为理财顾问，如何判断这个理财师是靠谱且专业的？哪些公司理财师比较有口碑？	49	done	t	2016-02-15 21:18:45.626021+08	f	2016-03-02 18:28:46.894183+08	t	f
2016-02-16 15:34:55.191621+08	5560809749816	84745951	\N	ghhjj骨灰盒骨灰盒	49	draft	f	2016-02-16 15:34:55.191621+08	f	2016-03-02 18:28:46.894183+08	t	f
2016-02-05 14:24:02.06224+08	5465344482448	84771355	\N	春节期间我在杭州，相约个行家一起吃饭聊天，有兴趣的约一个，我请客。	49	refunded	f	2016-02-17 17:19:11.93421+08	f	2016-03-02 18:28:46.894183+08	t	f
2016-02-04 12:33:12.489411+08	5456039450805	84761170	84743818	怎样量化一个技术合伙人应该持有多少股份（不出资）？  谢谢！	49	done	t	2016-02-04 13:38:27.421461+08	f	2016-03-02 18:28:46.894183+08	t	f
2016-02-04 13:46:55.477637+08	5456481725344	84769679	\N	想找一个摄影师帮我拍职业肖像照，市场上价格高低都有，如何判断摄影师的资质，并选择性价比高的摄影师呢？	49	draft	f	2016-02-04 13:46:55.477637+08	f	2016-03-02 18:28:46.894183+08	t	f
2016-02-03 15:19:10.336575+08	5448395280497	84745950	\N	xdjjnxsnixsnxskkm	49	refunded	f	2016-02-18 11:08:01.447327+08	f	2016-03-02 18:28:46.894183+08	t	f
2016-02-03 14:37:49.054541+08	5448147173930	84745920	\N	我我我我我我我我我我我我我	49	draft	f	2016-02-03 14:37:49.054541+08	f	2016-03-02 18:28:46.894183+08	t	f
2016-02-03 14:38:05.956519+08	5448148633578	84745920	\N	隐隐约约一样uuuu	49	draft	f	2016-02-03 14:38:05.956519+08	f	2016-03-02 18:28:46.894183+08	t	f
2016-02-03 14:43:25.105149+08	5448180490325	84745917	\N	职场女性在面试时被问到结婚生孩子、工作与家庭平衡问题时，怎么回答最合适？\t	49	draft	f	2016-02-03 14:43:25.105149+08	f	2016-03-02 18:28:46.894183+08	t	f
2016-02-04 13:58:01.544329+08	5456548045797	84800161	\N	想问一下关于万事达 或是Visa境外支付业务规则，及清算产品项目的简单介绍。	49	closed	f	2016-02-04 23:54:11.331608+08	f	2016-03-02 18:28:46.894183+08	t	f
2016-02-04 13:49:51.088155+08	5456499358857	84769679	\N	想找一个摄影师帮我拍职业肖像照，市场上价格高低都有，想知道如何判断摄影师的资质，并选择性价比高的摄影师呢？	49	closed	f	2016-02-04 13:51:28.076889+08	f	2016-03-02 18:28:46.894183+08	t	f
2016-02-03 15:19:26.75315+08	5448396670245	84745950	\N	ubxdjndnjd今年的你insin是	49	refunded	f	2016-02-18 11:08:02.830103+08	f	2016-03-02 18:28:46.894183+08	t	f
2016-02-04 13:55:49.680928+08	5456534827894	84747127	\N	呵呵。。。。。。。。	49	draft	f	2016-02-04 13:55:49.680928+08	f	2016-03-02 18:28:46.894183+08	t	f
2016-02-03 14:23:28.857544+08	5448060835560	84745950	84745951	想打造高逼格的设计品牌，应该选择什么类型的文案风格才能不失水准又简明扼要？	49	refunded	f	2016-02-18 11:08:09.930618+08	f	2016-03-02 18:28:46.894183+08	t	f
2016-02-04 10:19:47.788075+08	5455238991370	84745950	\N	创业初期的公司如融资，是参加“某创业营”被选拔还是主动接触多家风投？	49	refunded	f	2016-02-18 11:08:16.120636+08	f	2016-03-02 18:28:46.894183+08	t	f
2016-02-05 11:37:06.867532+08	5464342887797	84747549	\N	天猫或京东等电商平台的组织架构衍变，特别是早期的、运营部门的组织架构	49	draft	f	2016-02-05 11:37:06.867532+08	f	2016-03-02 18:28:46.894183+08	t	f
2016-02-03 16:43:41.856517+08	5448902158562	84745950	\N	想给父母做个全身体检作为新年礼物，请问有哪些必要的和重要的项目要选择？	49	refunded	f	2016-02-18 11:08:21.733229+08	f	2016-03-02 18:28:46.894183+08	t	f
2016-02-04 18:13:40.192727+08	5458082016776	84769679	84762365	有朋友想转行做职业摄影师，他比较擅长人像摄影，想帮他了解下这块的市场和从业情况。	49	accepted	f	2016-02-05 13:49:40.903417+08	f	2016-03-02 18:28:46.894183+08	t	f
2016-02-04 11:13:15.478454+08	5455559772435	84756208	84783004	和父母沟通总是非常急躁控制不住情绪，和其他人都不会。怎么可以脱离这个困境？	49	done	t	2016-02-04 14:52:17.072167+08	f	2016-03-02 18:28:46.894183+08	t	f
2016-02-03 15:23:02.88433+08	5448418214526	84745854	\N	如何建立用户信誉体系？	49	draft	f	2016-02-03 15:23:02.88433+08	f	2016-03-02 18:28:46.894183+08	t	f
2016-02-03 15:26:08.712538+08	5448436978624	84745951	\N	就像觉得肯定快点快点快点咖啡咖啡看看	49	draft	f	2016-02-03 15:26:08.712538+08	f	2016-03-02 18:28:46.894183+08	t	f
2016-02-03 17:50:35.628916+08	5449303584235	84745950	84745854	微信公众号如何把粉丝转换成微信群用户？	49	refunded	t	2016-02-18 11:08:23.595909+08	f	2016-03-02 18:28:46.894183+08	t	f
2016-02-03 15:16:46.867258+08	5448380732790	84745950	84745951	"职业生涯的连贯性重要吗？如果找到了自己喜欢的东西，重新转行业值得吗？参考标准是什么？\n"	49	refunded	t	2016-02-18 11:08:27.972937+08	f	2016-03-02 18:28:46.894183+08	t	f
2016-02-03 14:31:51.35597+08	5448111138504	84745950	84745951	创业初期的公司如融资，是参加“某创业营”被选拔还是主动接触多家风投？	49	refunded	t	2016-02-18 11:08:30.414014+08	f	2016-03-02 18:28:46.894183+08	t	f
2016-02-18 16:06:25.525491+08	5578278525549	84750505	\N	想咨询有哪些可以提高专注度的方法，提升工作学习的效率	49	draft	f	2016-02-18 16:06:25.525491+08	f	2016-03-02 18:28:46.894183+08	t	f
2016-02-04 11:43:50.504079+08	5455743292465	84782245	84801097	对医疗服务机构的估值问题，具体来说对专科／全科／医生集团估值上有何区别？用活跃用户来估算互联网医疗公司是否合理？	49	accepted	f	2016-02-04 16:44:18.3921+08	f	2016-03-02 18:28:46.894183+08	t	f
2016-02-04 11:35:09.569652+08	5455690810669	84747843	84781598	想运动减肥无奈膝关节特别脆弱，有没有专门的训练可以强化？或者在保护膝盖的前提下瘦身的运动方式推荐？	49	done	t	2016-02-04 17:07:25.521705+08	f	2016-03-02 18:28:46.894183+08	t	f
2016-03-19 16:45:46.1926+08	5837714679699	84908995	84745853	创业团队早期用什么软件沟通交流以及团队协作工具比较方便？	49	done	f	2016-03-19 16:45:46.1926+08	f	2016-03-19 16:45:46.1926+08	t	t
2016-02-03 17:48:27.685164+08	5449290795500	84870279	\N	不想那些继续进行的亟待解决的大家觉得基地觉得肯定	49	draft	f	2016-02-03 17:48:27.685164+08	f	2016-03-02 18:28:46.894183+08	t	f
2016-02-03 16:13:09.892309+08	5448718944166	84745854	\N	标签体系应该如何设计？	49	closed	f	2016-02-04 10:03:08.64824+08	f	2016-03-02 18:28:46.894183+08	t	f
2016-02-04 11:48:44.555097+08	5455772612119	84793167	\N	我就问问啦啦啦的下一个月就可以	49	draft	f	2016-02-04 11:48:44.555097+08	f	2016-03-02 18:28:46.894183+08	t	f
2016-02-04 11:57:56.19474+08	5455827469767	84745950	\N	学区房的选择上应该应该偏重于小学还是中学？北京有什么具体的相关政策？	49	draft	f	2016-02-04 11:57:56.19474+08	f	2016-03-02 18:28:46.894183+08	t	f
2016-02-03 16:16:36.895629+08	5448739628536	84745951	84745854	30岁未婚女，在面试时被问到近期有没有计划结婚生孩子的问题时，怎么回答最合适？	49	done	f	2016-02-04 12:00:00.098623+08	f	2016-03-02 18:28:46.894183+08	t	f
2016-02-03 16:04:09.34104+08	5448664911812	84745854	84745950	健身时期有哪些好的健康食谱推荐？（希望能荤素搭配，不是以减肥为目的）	49	closed	t	2016-02-04 10:33:26.329433+08	f	2016-03-02 18:28:46.894183+08	t	f
2016-03-18 14:56:06.917367+08	5828416573379	84758072	\N	目前各大直播平台上主播和平台的模式有哪几种？收入计算方式具体是怎么样的？希望有了解规则的行家解答。	49	refunded	f	2016-03-18 14:56:36.659602+08	f	2016-03-18 14:56:06.917367+08	t	f
2016-02-05 20:22:24.653252+08	5467494451949	84749873	84766661	如何做到一心好几用？	49	done	t	2016-02-07 15:07:55.138101+08	f	2016-03-02 18:28:46.894183+08	t	f
2016-02-04 12:16:55.192502+08	5455941717894	84765881	\N	自由职业者是很多职场妈妈的梦想，想不想未来成为一名自由职业者？和我聊聊吧！六年独立顾问之旅，从谈项目搞定客户，到项目交付挖掘新需求，我有不少经验可与你分享。	49	draft	f	2016-02-04 12:16:55.192502+08	f	2016-03-02 18:28:46.894183+08	t	f
2016-02-04 10:53:59.03081+08	5455444025071	84756208	\N	FG GG环境很好VV哈哈 哈哈	49	draft	f	2016-02-04 10:53:59.03081+08	f	2016-03-02 18:28:46.894183+08	t	f
2016-02-04 10:54:13.036499+08	5455445135685	84756208	\N	FG GG环境很好VV哈哈 哈哈	49	draft	f	2016-02-04 10:54:13.036499+08	f	2016-03-02 18:28:46.894183+08	t	f
2016-02-04 13:07:06.045521+08	5456242820514	84765048	84783004	小朋友快要上幼儿园了，担心一开始不适应会在幼儿园大哭大闹，请教怎样良好的渡过刚开始的抵触期？	49	done	t	2016-02-04 13:58:22.732037+08	f	2016-03-02 18:28:46.894183+08	t	f
2016-02-04 18:22:56.066154+08	5458137612176	84746731	84764337	想做成一名时尚博主，而且不low，可以怎么去做？希望是有成功经验的人来指导。	49	done	f	2016-02-08 18:00:00.108738+08	f	2016-03-02 18:28:46.894183+08	t	f
2016-02-05 10:12:28.150248+08	5463835080303	84745858	84777286	如何在日常生活中积累写作素材，欢迎有奇妙故事的人分享经历。	49	done	t	2016-02-08 18:24:58.198458+08	f	2016-03-02 18:28:46.894183+08	t	f
2016-02-04 23:42:38.271257+08	5460055936362	84758072	84763305	身体较瘦的女生想要锻炼马甲线，如何在不减重的情况下制定锻炼计划？	49	done	t	2016-02-22 14:15:46.275112+08	f	2016-03-02 18:28:46.894183+08	t	f
2016-02-04 17:17:09.664167+08	5457742978002	84771355	\N	春节期间哪个专家愿意一起聊个天	49	closed	f	2016-02-04 18:54:32.128794+08	f	2016-03-02 18:28:46.894183+08	t	f
2016-02-05 00:22:12.16597+08	5460293144570	84840274	84776171	医学生想从儿科内分泌转做儿童肿瘤，如何评估自己是否合适这个专业？肿瘤专业的研究和执业生涯是什么样子的？	49	done	t	2016-02-22 20:39:05.470556+08	f	2016-03-02 18:28:46.894183+08	t	f
2016-02-05 11:41:33.27666+08	5464369179396	84747549	84830611	想了解一下京东等电商平台的组织架构衍变，特别是早期的、偏自营的、运营部门的组织架构是怎样的？	49	done	f	2016-02-25 21:29:59.173762+08	f	2016-03-02 18:28:46.894183+08	t	f
2016-02-04 13:58:07.059107+08	5456548931291	84743803	\N	想了解百度研发t序列的薪资结构，包括设计思路，执行情况，未来改进空间，希望由百度HR来回答。	49	refunded	f	2016-03-01 15:54:44.908261+08	f	2016-03-02 18:28:46.894183+08	t	f
2016-02-04 19:17:23.270707+08	5458464336191	84743803	\N	果壳万有青年烩年度招商求合作。影响国内最前锐，最具思想性年青人，全年共七场活动，赞助费三百万起，非诚勿扰。	49	refunded	f	2016-02-17 17:19:17.766587+08	f	2016-03-02 18:28:46.894183+08	t	f
2016-02-04 14:56:42.180364+08	5456900426822	84780626	\N	想结婚了， 如何在一年内找到一个能耐心在鼓噪的帝都一起生活的那个男人？ 	49	draft	f	2016-02-04 14:56:42.180364+08	f	2016-03-02 18:28:46.894183+08	t	f
2016-02-04 16:22:55.521892+08	5457417590721	84745854	\N	电话号苏从机场解放军放假发酒疯非奸即盗记得记得机电技术 	49	refunded	f	2016-02-17 17:19:23.330692+08	f	2016-03-02 18:28:46.894183+08	t	f
2016-02-04 14:14:01.418551+08	5456644398502	84791159	84780626	如何让一个男性厨师快速成为网红？（如果您的回答是上节目啊、做广告啊就算了哈。）	49	done	t	2016-02-04 15:00:00.452026+08	f	2016-03-02 18:28:46.894183+08	t	f
2016-02-04 16:13:31.398605+08	5457361185739	84759288	84799624	大家新年好吗？换工作嘛？什么行业会是风口或者是流里的行业。	49	done	t	2016-02-04 19:47:07.043551+08	f	2016-03-02 18:28:46.894183+08	t	f
2016-02-04 17:50:36.989587+08	5457943624871	84760054	84770573	赴海外IPO前如何平衡业务传播需求和静默期规则？有具体操作案例吗？	49	refunded	f	2016-03-01 15:55:49.489661+08	f	2016-03-02 18:28:46.894183+08	t	f
2016-02-04 14:01:46.665894+08	5456570863278	84743818	84746164	右手腕有老伤，很久了。想问问什么样的锻炼项目可以在不伤手腕的前提下锻炼上肢肌肉力量？	49	done	t	2016-02-04 23:18:30.55238+08	f	2016-03-02 18:28:46.894183+08	t	f
2016-02-04 18:22:51.339828+08	5458137193937	84745950	\N	隐隐约约隐隐约约隐隐约约哦哦哦哦哦	49	refunded	f	2016-02-18 11:08:07.955796+08	f	2016-03-02 18:28:46.894183+08	t	f
2016-02-26 15:41:10.351731+08	5647246812714	84759558	84783733	互联网公司高效运营的工作方法介绍？希望以市场运营和产品运营为例。	49	done	t	2016-02-27 15:01:39.463539+08	f	2016-03-02 18:28:46.894183+08	t	f
2016-02-04 16:02:13.256787+08	5457293310149	84747843	\N	英语学习里的精听泛听和精读泛读怎么根据自己当前的水平做最合适的安排？	49	closed	f	2016-02-04 16:03:19.536818+08	f	2016-03-02 18:28:46.894183+08	t	f
2016-02-04 16:42:55.44675+08	5457537534175	84743838	84799624	想要找有自媒体，公众号外包这些项目的聊聊，具体收费标准？	49	done	t	2016-02-05 09:38:34.849406+08	f	2016-03-02 18:28:46.894183+08	t	f
2016-02-04 15:48:34.814232+08	5457211788007	84745854	84791916	希望能得到一些产品刺激用户主动分享传播的好的案例，以及简单探讨，感谢分享。	49	done	t	2016-02-18 18:28:21.248982+08	f	2016-03-02 18:28:46.894183+08	t	f
2016-02-04 15:19:58.875762+08	5457040153189	84780626	\N	谁有腾讯最大的PM马化腾先森微信号？ 求加。。。	49	closed	f	2016-02-04 16:08:51.887021+08	f	2016-03-02 18:28:46.894183+08	t	f
2016-02-18 23:42:09.804796+08	5581012938899	84878799	\N	联合国公务员考试 ypp我该怎么备考？ 我该具备哪些国际的知识储备？	49	draft	f	2016-02-18 23:42:09.804796+08	f	2016-03-02 18:28:46.894183+08	t	f
2016-02-04 15:03:21.932975+08	5456940492831	84780626	\N	想结婚了，如何快速在一年内找到一个在鼓噪的帝都，能一起耐心生活的男子？ （不要提相亲、非诚勿扰…）	49	refunded	f	2016-02-05 10:24:05.818753+08	f	2016-03-02 18:28:46.894183+08	t	f
2016-02-05 11:33:46.905314+08	5464322588979	84747549	\N	天猫或京东等电商平台的组织架构衍变，特别是早期的、运营部门的组织架构	49	draft	f	2016-02-05 11:33:46.905314+08	f	2016-03-02 18:28:46.894183+08	t	f
2016-02-05 11:41:16.27593+08	5464367857056	84747549	\N	京东等电商平台的组织架构衍变，特别是早期的、偏自营的、运营部门的组织架构	49	draft	f	2016-02-05 11:41:16.27593+08	f	2016-03-02 18:28:46.894183+08	t	f
2016-02-04 16:19:34.176203+08	5457397479720	84799624	\N	想了解做骑行旅游的运动旅游品牌糖丸、爱玩这两家公司的组织结构。同时希望能聊聊运动旅游都有哪些坑，怎样才能将模式做得很轻。	49	closed	f	2016-02-04 16:22:35.562623+08	f	2016-03-02 18:28:46.894183+08	t	f
2016-02-04 16:07:36.510779+08	5457325613176	84780626	\N	十三欧巴，我想约你跟我聊天30分钟，好么？ 语种你随意，只要你会说	49	closed	f	2016-02-04 16:25:35.37689+08	f	2016-03-02 18:28:46.894183+08	t	f
2016-02-04 12:22:13.324049+08	5455973257888	84830878	84759288	我们正在IOS打造一款听（动物和鸟类）叫声选择动物图片的游戏，求ios平台上的优化搜索关键词。	49	done	t	2016-02-05 12:13:06.097962+08	f	2016-03-02 18:28:46.894183+08	t	f
2016-02-04 19:06:15.638517+08	5458397531464	84756757	84777286	想了解下乐视或者相关行业体育相关业务的状况，感谢！	49	done	t	2016-02-05 13:07:59.707305+08	f	2016-03-02 18:28:46.894183+08	t	f
2016-02-05 13:39:21.852699+08	5465076487096	84770573	\N	请问如何规避风险建立个人征信系统，不受网络暴力影响	49	closed	f	2016-02-05 13:52:43.267475+08	f	2016-03-02 18:28:46.894183+08	t	f
2016-02-05 22:07:23.782431+08	5468124480582	84758039	\N	个人公共号，非商业运作，在建立初期如何做推广？很多文章阅读数超过关注数，除了朋友圈转发似乎找不到其他推广方式，不为赚钱，所以也不想花钱，有什么好方法呢？	49	draft	f	2016-02-05 22:07:23.782431+08	f	2016-03-02 18:28:46.894183+08	t	f
2016-02-04 16:05:38.956375+08	5457313873824	84747843	84746199	英语学习里的精听泛听和精读泛读怎么根据自己当前的水平做最合适的安排？	49	done	t	2016-02-05 20:29:34.451149+08	f	2016-03-02 18:28:46.894183+08	t	f
2016-02-04 14:33:52.346824+08	5456763017141	84793671	84763847	如何迅速地在另一免费经验回答网站上迅速地积累口碑和粉丝？	49	refunded	f	2016-03-18 10:48:51.09962+08	f	2016-03-02 18:28:46.894183+08	t	f
2016-02-04 14:27:01.474683+08	5456722047600	84756757	\N	想了解一下汽车玻璃以及包边总成相关的市场，谢谢。	49	closed	f	2016-02-07 00:40:19.83922+08	f	2016-03-02 18:28:46.894183+08	t	f
2016-02-05 22:11:29.13759+08	5468148981621	84758039	\N	个人微信公共号，非商业运作，在建立初期如何做推广？很多文章阅读数超过关注数量，但是除了朋友圈没有其他方式吸引粉丝了。因为不为了赚钱，所以不想花钱，这样有什么好方法么？	49	draft	f	2016-02-05 22:11:29.13759+08	f	2016-03-02 18:28:46.894183+08	t	f
2016-02-04 16:23:28.83235+08	5457420839141	84799624	84759288	想了解糖丸、爱玩这两家做骑行旅游的公司的组织结构。同时希望能聊聊运动旅游都有哪些坑，怎样才能将模式做得很轻。	49	done	t	2016-02-09 00:27:17.836265+08	f	2016-03-02 18:28:46.894183+08	t	f
2016-02-29 22:26:05.662979+08	5675596628103	84751017	\N	早期互联网投资基金的投后管理主要做什么？产生什么价值？需要哪些能力的人才？	49	draft	f	2016-02-29 22:26:05.662979+08	f	2016-03-02 18:28:46.894183+08	t	f
2016-02-21 18:02:07.016639+08	5604892641924	84891922	84771355	想请问有没有针对新媒体运营人员的职业规划建议？在这个岗位工作了1年多，感觉内容重复难有提高，想换工作但其他公司看工作经验都还是给出相同职位的offer。	49	done	t	2016-02-27 16:13:34.369906+08	f	2016-03-02 18:28:46.894183+08	t	f
2016-02-10 16:15:49.132353+08	5509214974625	84747736	\N	想了解下毕业10年左右，互联网领悟，非编程人员的成长路径，包括技术、管理、薪酬瓶颈如何突破，以及如何给自己确定阶段内合适的成长目标？	49	closed	f	2016-02-10 16:16:36.153084+08	f	2016-03-02 18:28:46.894183+08	t	f
2016-02-19 11:21:11.297096+08	5585206987422	84743838	\N	北京地区养发馆行业市场如何？有从业人员或者资深人士可以介绍下吗？	49	refunded	f	2016-03-01 15:53:20.383348+08	f	2016-03-02 18:28:46.894183+08	t	f
2016-02-10 14:21:10.782799+08	5508527355558	84793999	84777286	在社区内创建儿童体验店应该注意什么？请有酒店儿童乐园或儿童体验品牌商分享	49	done	t	2016-02-11 11:05:13.504817+08	f	2016-03-02 18:28:46.894183+08	t	f
2016-02-15 19:18:57.089498+08	5553513688798	84749873	84751961	已有一个个人域名 如何快速入手建立个人网站 用什么服务器 比较好？简单扫扫关于解析 dns这些名词含义的盲	49	done	t	2016-02-18 17:09:14.77452+08	f	2016-03-02 18:28:46.894183+08	t	f
2016-02-15 11:44:16.564851+08	5550785523039	84831166	\N	我想租一个一居室，离大望路不远，价格4500左右，有没有认识的朋友有合适的房源直租？本人爱干净，长租。抢单的行家请说明详细情况。谢谢	49	closed	f	2016-02-15 15:24:33.752498+08	f	2016-03-02 18:28:46.894183+08	t	f
2016-02-05 14:17:22.28487+08	5465304483253	84771355	84780511	想了解关于社群运营的一些方法，比如如何吸引用户，如何提升活跃度，如何转化为产生交易的用户？哪个行家来支个招？	49	done	t	2016-02-25 10:53:06.310785+08	f	2016-03-02 18:28:46.894183+08	t	f
2016-02-23 15:34:39.081217+08	5621288186323	84788304	84774606	如何进行互联网资源拓展，比如各大应用商店的推广资源和超级APP的资源合作？	49	accepted	f	2016-02-25 12:49:15.130091+08	f	2016-03-02 18:28:46.894183+08	t	f
2016-02-23 23:59:37.516801+08	5624317837479	84876819	84763922	如何有效控制自己的情绪？身为白羊座的我容易情绪化，容易大笑大哭，对男友总是耍小脾气闹分手。对越是身边的人越容易情绪化。如何能改变这样的情况？有什么切实有效的方法吗？	49	done	t	2016-02-24 14:48:05.026347+08	f	2016-03-02 18:28:46.894183+08	t	f
2016-02-17 16:43:38.63247+08	5569861811040	84743824	\N	想知道豆瓣是如何推广“豆瓣评分”这个产品的？特别是如何说服各类图书、影视类资源站点在他们的网站上呈现豆瓣评分的？	49	closed	f	2016-02-25 17:58:22.733329+08	f	2016-03-02 18:28:46.894183+08	t	f
2016-02-18 20:03:54.96872+08	5579703587013	84878799	\N	互联网企业公司 公司内部财务中 哪些是自己自留干帐？公司对内财务薪酬以及对外合作主要的合作公司类别哪些是不可缺的？大致的互联网企业内部运营保持的比需要多少？互联网企业整体运营费用哪些成本和内容不可少，比如互联网备案等。产生的税费有哪些？	49	closed	f	2016-02-18 20:05:15.38295+08	f	2016-03-02 18:28:46.894183+08	t	f
2016-02-22 17:11:46.203875+08	5613230612675	84750065	84776171	喜欢思考，但有时深度思考后第二天出现头痛，需要大量睡眠来恢复。有时思考兴奋还会失眠，更多时候需要躺在床上才能继续思考。怎么样通过作息，饮食和运动等自律行动改善这个情况？	49	done	t	2016-02-23 20:37:40.627721+08	f	2016-03-02 18:28:46.894183+08	t	f
2016-02-25 03:38:44.424955+08	5634272592572	84840274	84755018	如何把握社交的度？对于工作繁忙且路线单调的人，如何扩展社交圈子？李开复老师提出的“每周约一位新朋友吃饭聊天”这种方法是否真的可行且有效？	49	accepted	f	2016-02-26 05:51:36.616687+08	f	2016-03-02 18:28:46.894183+08	t	f
2016-02-18 22:44:45.301146+08	5580668528920	84878799	\N	懂男人心理的，如何获得一个好伴侣！一个好伴侣拥有哪些特征！ (⸝⸝⸝ᵒ̴̶̷̥́ ⌑ ᵒ̴̶̷̣̥̀⸝⸝⸝)单身狗求救。达到喜欢 我个人对经济无安全感 而且情绪容易激动和压力大。 三次失败感情经历！	49	closed	f	2016-02-19 07:09:31.388428+08	f	2016-03-02 18:28:46.894183+08	t	f
2016-02-18 16:07:17.256457+08	5578283798928	84750505	84777119	咨询提高专注度，提升工作学习效率的一些方法，希望能跟行家交流。	49	accepted	f	2016-02-22 13:45:54.815976+08	f	2016-03-02 18:28:46.894183+08	t	f
2016-02-21 20:44:51.287754+08	5605869081713	84784736	84761098	纯B2B业务如何通过互联网的有效运营手段获取更多的新客户？	49	accepted	f	2016-02-22 14:40:28.387365+08	f	2016-03-02 18:28:46.894183+08	t	f
2016-02-19 19:25:21.062392+08	5588112146564	84745950	84745920	职业生涯的连贯性重要吗？如果找到了自己喜欢的东西，35岁重新转行业值得吗？	49	refunded	t	2016-02-24 16:31:37.860588+08	f	2016-03-02 18:28:46.894183+08	t	f
2016-02-24 14:39:24.01947+08	5629596682316	84760732	84758947	对于电商产品，首页大Banner海报的文案需要哪些要素？如何做到简短动人？例如像苹果的海报型文案。	49	done	t	2016-02-24 16:50:03.28679+08	f	2016-03-02 18:28:46.894183+08	t	f
2016-02-18 18:12:55.040415+08	5579037413697	84878799	84764337	如何通过饮食和运动有效在半年内减重？恢复苗条身材。本人严重肥胖，爱吃零食，心理压力大。	49	done	f	2016-02-24 20:59:59.2564+08	f	2016-03-02 18:28:46.894183+08	t	f
2016-02-26 17:21:07.553349+08	5647846742756	84810810	84783733	进口零食电商是否有可行性？	49	done	t	2016-02-28 12:47:25.264335+08	f	2016-03-02 18:28:46.894183+08	t	f
2016-02-28 10:14:55.343819+08	5662569740926	84757436	\N	#提问# 在西二旗和五道口上班，想买一套3居或大两居，300万以内。上班时间可接受30-40分钟。小区附近希望靠近地铁、幼儿园、医院，大中型社区，请行家推荐。新房、二手房都可以考虑。谢谢！	49	closed	f	2016-02-28 17:34:17.663442+08	f	2016-03-02 18:28:46.894183+08	t	f
2016-02-04 12:33:35.176291+08	5456041727027	84756201	84743844	软件经理转型产品经理的成长路径是什么样的？比如，分哪几个成长阶段？每个阶段需要修炼哪些技能？学习哪些思想？掌握哪些方法论？有哪些推荐书籍？	49	done	f	2016-03-12 14:00:00.071551+08	f	2016-03-02 18:28:46.894183+08	t	f
2016-02-23 15:38:01.578888+08	5621307993457	84814463	84763922	作为一个企业管理者，有什么行之有效的提升领导力的方案吗？最好结合经验和常见方法的对比。	149	done	t	2016-02-29 11:08:09.572308+08	f	2016-03-02 18:28:46.894183+08	t	f
2016-02-28 21:57:23.477656+08	5666784314833	84839917	84799624	互联网市场跟传统行业市场区别，以及如何转行去做市场？	49	done	t	2016-03-02 21:35:25.176439+08	f	2016-03-02 18:28:46.894183+08	t	f
2016-03-25 16:45:18.041651+08	5889551749512	84882971	\N	一线城市工薪阶层年轻人，有一颗追求时尚的心，热爱海淘代购，但近期出台了新的关税政策，可能未来无法通过海代的方式买到优惠的海外商品，想问问有什么新的办法可以买东西但又不太贵呢？	149	public	f	2016-03-25 16:45:35.112522+08	f	2016-03-25 16:45:18.041651+08	t	f
2016-02-17 10:13:08.556093+08	5567519090621	84783004	84803284	请教如何在海淀区选择性价比最高的学区房？	49	done	t	2016-02-19 19:23:49.670462+08	f	2016-03-02 18:28:46.894183+08	t	f
2016-02-08 10:25:48.151948+08	5489834656331	84750505	84799624	想了解一下目前互联网行业的就业形势，特别对于应届海外留学生，有什么建议和指导吗	49	done	t	2016-02-09 09:00:17.857333+08	f	2016-03-02 18:28:46.894183+08	t	f
2016-02-16 08:35:01.927479+08	5558290383257	84745962	84777119	如何给予对拒绝和批评极端敏感的小男孩帮助？只要大人语气稍微高了一些，他就会认为在批评他；不喜欢比赛类游戏，因为可能会输掉，害怕自己输。幼儿园老师批评他，曾经几次跑出教室自己生气。即使我们告诉他输赢不重要，错了再改，好像也还是不怎么管用。家长应该如何引导？	49	done	t	2016-02-17 11:59:47.546403+08	f	2016-03-02 18:28:46.894183+08	t	f
2016-02-06 10:03:10.512877+08	5472418972218	84750532	84759288	想了解一个制定公司年度人力资本预算案例。	49	done	f	2016-02-09 15:00:00.056827+08	f	2016-03-02 18:28:46.894183+08	t	f
2016-02-05 22:33:00.09667+08	5468278039645	84758039	84743838	个人微信公共号，非商业运作，在建立初期如何做推广？很多文章阅读数超过关注数量，但是除了朋友圈没有其他方式吸引粉丝了。因为不为了赚钱，所以不想花钱，这样有什么好方法么？	49	done	t	2016-02-06 20:40:36.765325+08	f	2016-03-02 18:28:46.894183+08	t	f
2016-02-11 15:15:22.230692+08	5517492493148	84772385	\N	如何给公号迅速涨粉？因为偏向个人公益行为，暂时不想投入太多资金宣传。	49	refunded	f	2016-02-17 17:19:02.572386+08	f	2016-03-02 18:28:46.894183+08	t	f
2016-02-10 16:10:59.100741+08	5509185950666	84743818	\N	表妹设计本科，美术硕士，想去上海谋个工作，想帮她咨询一下职业方向建议。她自己希望先从中学老师起步，希望安定，不想做设计师。我印象中，上海的中学老师很难进，但除此之外也给不了其他建议。	49	refunded	f	2016-02-17 17:19:06.186291+08	f	2016-03-02 18:28:46.894183+08	t	f
2016-02-18 18:13:47.825527+08	5579042774434	84755225	84873183	求问加菲猫公猫的养育经验，已绝育，名字叫大大，目前8个月大，9斤左右，养了5个多月了。比如什么猫粮好，哪些人类吃的东西它能吃或不能吃，怎么应对泪痕，什么猫砂好，怎么应对臭臭太臭，如何应对会抓人和轻咬人等等。推荐什么玩具之类的。总之，如何让它更健康更幸福？	49	done	t	2016-02-19 19:34:03.760213+08	f	2016-03-02 18:28:46.894183+08	t	f
2016-02-19 19:55:08.930449+08	5588290977977	84815136	84777706	新媒体运营方面，想了解一个百万粉丝的企业服务号具体怎么做能够提高互动性？	49	accepted	f	2016-03-01 09:20:35.131724+08	f	2016-03-02 18:28:46.894183+08	t	f
2016-02-18 16:21:33.388561+08	5578369383061	84758072	\N	习惯了晚睡晚起，如何通过一些有效的手段和方法来迅速调整自己作息习惯？希望能有行家给一些有效的方法！	49	draft	f	2016-02-18 16:21:33.388561+08	f	2016-03-02 18:28:46.894183+08	t	f
2016-02-29 22:29:48.23346+08	5675618714717	84751017	84774183	早期（互联网投资）基金的投后管理/服务主要做什么？产生哪些价值？需要什么能力的人才？	49	done	t	2016-03-01 22:56:47.23972+08	f	2016-03-02 18:28:46.894183+08	t	f
2016-02-15 12:49:25.331046+08	5551176721998	84750532	\N	研发团队的绩效考核方法，想了解一套案例	49	closed	f	2016-02-15 16:42:59.078274+08	f	2016-03-02 18:28:46.894183+08	t	f
2016-02-17 22:52:45.59796+08	5572076621877	84745854	84750311	想了解下电商产品和社交产品的PM的组织架构和分工，感谢分享。	49	done	t	2016-02-25 16:48:14.770266+08	f	2016-03-02 18:28:46.894183+08	t	f
2016-02-21 18:10:07.747087+08	5604940757495	84785360	84795949	对于多个项目同时运作的时间管理优先级有什么好的建议吗？目前工作涉及的范畴较广，如品牌联络、产品设计、新媒体内容产出等等。	49	done	t	2016-02-24 09:27:11.164186+08	f	2016-03-02 18:28:46.894183+08	t	f
2016-02-24 21:32:28.411689+08	5632074817282	84755018	84758398	如何快速读完一本书？	49	refunded	t	2016-03-01 15:54:51.378377+08	f	2016-03-02 18:28:46.894183+08	t	f
2016-02-25 05:16:33.749205+08	5634859597966	84850393	84750996	如何制定GMAT备考计划？目标750。	49	done	t	2016-02-25 21:11:24.776641+08	f	2016-03-02 18:28:46.894183+08	t	f
2016-02-18 17:35:29.402871+08	5578812972889	84752695	84771355	从事新媒体策划、媒体工作，换过三家公司，其中最短三个月、最长一年工作时间更换一次工作，这样的跳槽频率，在大公司是否会直接被pass？	49	done	t	2016-02-20 17:52:27.134362+08	f	2016-03-02 18:28:46.894183+08	t	f
2016-02-24 00:04:22.290298+08	5624346171646	84876819	84776171	如何掌握学习方法，提高学习的兴趣？（最好医学）	49	done	t	2016-02-24 14:47:00.366751+08	f	2016-03-02 18:28:46.894183+08	t	f
2016-02-26 16:46:20.802666+08	5647638015632	84882603	\N	咨询关于影视、传媒类从业人员（艺术院校背景）就读MBA的必要性，以及申请的方向和院校选择。	49	closed	f	2016-02-26 16:56:25.896831+08	f	2016-03-02 18:28:46.894183+08	t	f
2016-02-04 12:50:49.756509+08	5456145152350	84783004	\N	我们是互联网+企业级财税服务公司，计划2016年在北京做推广。请问企业级服务的低成本推广和营销方式有哪些？	49	closed	f	2016-02-16 13:51:26.794764+08	f	2016-03-02 18:28:46.894183+08	t	f
2016-02-18 00:04:01.902524+08	5572504286301	84750548	\N	想了解怎么增加女人味？怎么培养自己？	49	draft	f	2016-02-18 00:04:01.902524+08	f	2016-03-02 18:28:46.894183+08	t	f
2016-02-22 16:40:55.983416+08	5613045550311	84850393	84774183	本人男生，希望能科学的增加体重，想了解一下有哪些具体有效的方法和手段？	49	done	t	2016-02-23 00:43:17.167942+08	f	2016-03-02 18:28:46.894183+08	t	f
2016-02-06 11:00:15.946876+08	5472761750184	84754105	84757766	一个关于私服穿搭微信公众号，运作一个月，7篇文章，还在继续，如何做推广计划增加关注度？	49	done	t	2016-02-10 16:26:18.929088+08	f	2016-03-02 18:28:46.894183+08	t	f
2016-02-25 13:16:47.33649+08	5637740940642	84874867	84782958	如何写一部好的舞台剧/即兴剧剧本，并且快速找到合适的演员？	149	done	t	2016-03-02 22:52:33.463121+08	f	2016-03-02 18:28:46.894183+08	t	f
2016-02-25 13:22:25.820023+08	5637774866612	84874867	84774183	如何判断一个创业项目是否在正常的运作，什么时候应该及时踩刹车？	49	done	t	2016-03-03 12:35:18.141646+08	f	2016-03-02 18:28:46.894183+08	t	f
2016-02-28 11:14:41.704641+08	5662928357426	84759558	84776171	一边工作，一边上学，还要照顾孩子是一种怎样的状态？	49	done	t	2016-03-04 22:46:08.309274+08	f	2016-03-02 18:28:46.894183+08	t	f
2016-02-27 15:20:29.06703+08	5655763133075	84757766	\N	一款五谷杂粮产品，正式上线前想要寄给一些朋友试吃，希望做一个邀请函，请问怎么做比较有心意？	49	refunded	f	2016-03-07 17:13:41.209897+08	f	2016-03-02 18:28:46.894183+08	t	f
2016-02-14 15:40:43.532619+08	5543564566984	84758947	84772628	熟悉西安房地产的大神看过来，想在西安买房的话，哪个区域比较有升值空间？	49	done	t	2016-03-09 08:05:19.886103+08	f	2016-03-02 18:28:46.894183+08	t	f
2016-02-18 18:22:19.210528+08	5579093993180	84878799	\N	如何找到优质男友并且结婚，同时理解男女朋友的男人心理，摆脱我本人女身男心的可怕境地！	49	closed	f	2016-02-18 19:21:03.618851+08	f	2016-03-02 18:28:46.894183+08	t	f
2016-02-08 11:00:53.853862+08	5490045581104	84750505	84777286	如何寻找合适的事业合伙人，如何判断和选择潜在的合伙人？	49	done	f	2016-02-13 11:00:00.100191+08	f	2016-03-02 18:28:46.894183+08	t	f
2016-03-20 09:36:45.647772+08	5843780461979	84908977	84783914	如何有效地联系到网红本人，以促进投资合作？	149	done	t	2016-03-21 22:05:23.232782+08	f	2016-03-20 09:36:45.647772+08	t	f
2016-03-18 11:38:31.238223+08	5827231568354	84835491	84775017	做备孕和胎教方面的创业项目，寻求这方面的专家咨询该领域问题（或参与合作）。	49	done	t	2016-03-20 22:29:01.557343+08	f	2016-03-18 11:38:31.238223+08	t	f
2016-02-10 14:10:40.949903+08	5508464329985	84747843	\N	学美术专业的妹妹毕业想做职业摄影师，想请问下摄影师的成长路径。更感兴趣的工作环境是文化传媒集团等，而不是一开始就自由职业或进入专门摄影的公司。	49	closed	f	2016-02-14 23:55:19.686237+08	f	2016-03-02 18:28:46.894183+08	t	f
2016-02-15 15:32:38.065115+08	5552156062309	84758072	\N	测试问题啊啊啊啊啊啊啊啊啊	49	draft	f	2016-02-15 15:32:38.065115+08	f	2016-03-02 18:28:46.894183+08	t	f
2016-02-24 00:47:53.099317+08	5624607362050	84765048	84800293	自认为有整理收纳的异禀，请教如何才能成为独立收纳整理师？	49	done	t	2016-03-24 22:34:02.538848+08	f	2016-03-02 18:28:46.894183+08	t	f
2016-02-11 19:40:09.150952+08	5519080864701	84758947	\N	请问如何联系上一些直播大号，或者他们的经纪人（如果有经纪人）？比如：小智、起小点、西卡笑笑、JY 、小苍、Miss、七号、小莫、冬阳、董小飒、solofeng、誓约、霸哥。如果能联系上，必有重谢！！！	49	closed	f	2016-02-15 17:11:00.352197+08	f	2016-03-02 18:28:46.894183+08	t	f
2016-02-18 19:59:14.215512+08	5579675486503	84878799	\N	如何从前男友劈腿等惨痛经历中恢复出来， 找到人品好 内心强大温柔的男朋友。	49	closed	f	2016-02-18 20:04:59.944919+08	f	2016-03-02 18:28:46.894183+08	t	f
2016-02-19 23:13:02.479817+08	5589478138466	84770744	\N	如何做一个优秀的软件开发产品经理？	49	closed	f	2016-02-19 23:44:25.148319+08	f	2016-03-02 18:28:46.894183+08	t	f
2016-02-26 21:03:20.370334+08	5649180040121	84750505	\N	想找一位能够提供计量经济学Ecoometrics学习咨询和指导的行家	49	closed	f	2016-02-26 22:40:33.812569+08	f	2016-03-02 18:28:46.894183+08	t	f
2016-02-19 17:37:35.976491+08	5587465642686	84878799	84777286	想在影院里开一家零食店，请问怎么判断预计收益？零食店盈利点在哪里？ 如何找到进货的渠道？ 打低脂低卡洛里零食是否受欢迎？	49	done	t	2016-02-21 10:54:20.936112+08	f	2016-03-02 18:28:46.894183+08	t	f
2016-03-01 15:22:44.630957+08	5681696746462	84769599	\N	现在正在使用Retrofit+RxJava+Dagger2设计Android客户端的架构，因为刚接触Android，用起来有些棘手，希望能够得到有经验的大拿指点迷津	49	draft	f	2016-03-01 15:22:44.630957+08	f	2016-03-02 18:28:46.894183+08	t	f
2016-02-22 15:40:47.055377+08	5612684592942	84840274	84751961	熟练使用了苹果电脑之后生活工作会发生什么变化？效率会有明显提高么？	49	done	t	2016-02-23 19:34:18.965578+08	f	2016-03-02 18:28:46.894183+08	t	f
2016-02-23 18:08:34.207516+08	5622211432086	84810810	84771355	营销流程中可以标准化的环节是什么？竞品分析和用户洞察可否有有效的模型使其标准化？	49	done	t	2016-02-28 12:46:51.793324+08	f	2016-03-02 18:28:46.894183+08	t	f
2016-02-26 17:16:42.982843+08	5647820378891	84810810	84759540	营销诊断和竞品分析的标准化流程是什么？	49	done	t	2016-02-28 12:47:09.615713+08	f	2016-03-02 18:28:46.894183+08	t	f
2016-02-18 18:17:02.403524+08	5579062244157	84760826	84799624	请问海南、深圳的房价2016年走势？	49	done	f	2016-02-24 17:30:00.101063+08	f	2016-03-02 18:28:46.894183+08	t	f
2016-02-18 16:23:50.911617+08	5578383090635	84758072	84771355	习惯了晚睡晚起，想知道有哪些行之有效且科学的方法能迅速的调整作息？希望在身体管理上有经验的行家来解答一下。	49	done	t	2016-02-24 21:25:31.314704+08	f	2016-03-02 18:28:46.894183+08	t	f
2016-02-06 11:19:34.709096+08	5472877399339	84763922	\N	请擅长梦境分析的同行来讲讲同一个梦境用自由联想与积极想象两种方式的具体技术的差异。自己擅长第一种……	49	draft	f	2016-02-06 11:19:34.709096+08	f	2016-03-02 18:28:46.894183+08	t	f
2016-02-16 15:16:31.382581+08	5560699367965	84745951	\N	ghhjj骨灰盒骨灰盒	49	draft	f	2016-02-16 15:16:31.382581+08	f	2016-03-02 18:28:46.894183+08	t	f
2016-02-16 15:25:34.922878+08	5560753776978	84745951	\N	ghhjj骨灰盒骨灰盒	49	draft	f	2016-02-16 15:25:34.922878+08	f	2016-03-02 18:28:46.894183+08	t	f
2016-02-16 15:32:17.592666+08	5560793988718	84745951	\N	ghhjj骨灰盒骨灰盒	49	draft	f	2016-02-16 15:32:17.592666+08	f	2016-03-02 18:28:46.894183+08	t	f
2016-02-08 16:23:46.468852+08	5491982644088	84761170	84777286	创业公司A，小股东众多，有人说应另成立一持股平台公司B，持有A公司的若干股份。在B公司中，创始人担任GP，其他股东是LP。请问：1.这个持股平台是合伙企业还是有限合伙企业？2.\tGP可以合法享有B公司所持A公司全部股份的表决权吗？怎么操作才可以？……新春大吉，期待有经验者指点迷津	49	done	t	2016-02-09 10:44:08.40246+08	f	2016-03-02 18:28:46.894183+08	t	f
2016-02-22 15:41:30.605126+08	5612688918042	84840274	84774183	怎么为已读的书梳理系统？哪些能力是可以通过读书习得的？如何吸收书中的知识、转化为自己的技能？	49	accepted	f	2016-02-23 08:55:23.900218+08	f	2016-03-02 18:28:46.894183+08	t	f
2016-02-23 12:01:23.588456+08	5620008523443	84743844	84777286	想了解一下虚拟现实技术的应用场景和行业进展，求科普。同时想入手一台VR设备，研究一下VR的用户体验，平时从不玩游戏，所以对游戏性能没有要求，请帮我推荐一下那款比较适合。	49	done	t	2016-02-25 09:59:33.834702+08	f	2016-03-02 18:28:46.894183+08	t	f
2016-02-10 12:53:27.222924+08	5508000560643	84749873	\N	贲门癌患者术后饮食问题	49	closed	f	2016-02-10 13:46:30.063168+08	f	2016-03-02 18:28:46.894183+08	t	f
2016-02-24 22:46:54.107367+08	5632521496205	84760826	84776171	怎样才能过一个精彩人生？	49	done	t	2016-02-25 21:24:19.660834+08	f	2016-03-02 18:28:46.894183+08	t	f
2016-02-18 17:26:19.575408+08	5578757927742	84878799	\N	法律和互联网加起来 如何做成优质创业公司？ 需要避开哪些坑？	49	closed	f	2016-02-18 17:36:28.996148+08	f	2016-03-02 18:28:46.894183+08	t	f
2016-02-15 15:36:46.331626+08	5552180825839	84758072	\N	测试啊啊啊啊啊啊啊啊啊啊	49	draft	f	2016-02-15 15:36:46.331626+08	f	2016-03-02 18:28:46.894183+08	t	f
2016-02-18 18:21:13.514288+08	5579087334993	84878799	\N	如何找到一个优质男友并且理解男人心理最终可以结婚？（完全不懂男人再加情商低）	49	draft	f	2016-02-18 18:21:13.514288+08	f	2016-03-02 18:28:46.894183+08	t	f
2016-03-01 15:20:13.235695+08	5681681556842	84746911	84763922	职业生涯的连贯性重要吗？如果找到了自己喜欢的东西，重新转行业值得吗？参考标准是什么？	49	done	t	2016-03-05 11:12:38.292842+08	f	2016-03-02 18:28:46.894183+08	t	f
2016-03-01 09:24:58.697013+08	5679550022529	84815136	84873183	巴西龟下蛋，如何能够区分蛋是否可以孵化，以及如何孵化出小乌龟呢？	49	done	t	2016-03-06 19:23:28.113316+08	f	2016-03-02 18:28:46.894183+08	t	f
2016-02-23 00:54:23.774717+08	5616006425871	84814463	84765120	十日内观修行会有什么常见的精神提升，也可谈谈个人感悟。国内外不少内观中心，有没有强烈推荐或者注意事项。	49	done	t	2016-03-08 23:15:29.980098+08	f	2016-03-02 18:28:46.894183+08	t	f
2016-02-23 19:02:20.889463+08	5622534112611	84759540	\N	我想请教了解电商礼品卡的行家。类似京东、当当等电商平台，售卖"礼品卡"需要申请什么资质呢？申请的具体操作操作流程是什么？申办的时长一般要多久呢？谢谢!	49	closed	f	2016-02-25 23:50:45.719244+08	f	2016-03-02 18:28:46.894183+08	t	f
2016-02-20 16:16:25.192337+08	5595618528390	84839122	84771355	如何有效的学习英语？背单词很难坚持下去，有没有更好的建议？	49	done	f	2016-02-23 22:00:00.113191+08	f	2016-03-02 18:28:46.894183+08	t	f
2016-02-19 18:55:13.003297+08	5587931396082	84745950	84745920	商业计划书里的市场规模预估是往越大了说越好吗？想做更实际的预估，但又怕大家都夸大了，对比之下不太有优势。	49	refunded	t	2016-02-24 16:28:49.469761+08	f	2016-03-02 18:28:46.894183+08	t	f
2016-03-10 18:01:13.752023+08	5760407398291	84758954	\N	我在做一个共享经济项目，想咨询天使轮如何确定估值？	49	refunded	f	2016-03-16 15:34:17.559709+08	f	2016-03-10 18:01:13.752023+08	f	f
2016-02-22 10:31:42.922315+08	5610830431638	84760826	\N	今年美元指数会100点吗？今年可投资资产在100-200万间，房产、股票、基金、黄金该怎样配置？	49	refunded	f	2016-03-15 14:03:14.790497+08	f	2016-03-02 18:28:46.894183+08	t	f
2016-02-09 21:43:58.766474+08	5502543936475	84750505	\N	目前小白一枚，想了解一下二次元产业，包括A站B站等目前的发展，以及其它相关的信息，可以从多个角度解答。	49	closed	f	2016-02-22 13:46:58.618494+08	f	2016-03-02 18:28:46.894183+08	t	f
2016-02-18 23:28:07.19875+08	5580928750564	84840274	84784465	如何更好地做一名红娘，提高为朋友做媒的成功率？如何判断应该明说还是不动声色地制造机会？	49	done	t	2016-02-24 19:18:21.350393+08	f	2016-03-02 18:28:46.894183+08	t	f
2016-02-13 11:34:43.987521+08	5533448566426	84753006	84793999	跨境服务的支付体系如何建立，如何在平台上使用外汇进行交易？	49	done	t	2016-02-28 13:27:11.182493+08	f	2016-03-02 18:28:46.894183+08	t	f
2016-03-15 20:04:11.515526+08	5804345127394	84891922	84743844	求推荐近两年内一些互联网行业内的优秀新书？希望是一些比较实用的书，而不是一些高屋建瓴的方法论。	49	done	f	2016-03-15 20:04:11.515526+08	f	2016-03-15 20:09:09.561591+08	t	t
2016-02-06 12:26:59.83301+08	5473282110212	84746454	\N	如何快速了解一个城市的产业与经济结构？尤其是互联网行业的发展情况。在哪里搜集资料？从哪些角度去做分析？希望互联网/咨询行业从业者，做过城市分析与调查的人来交流。（抢答时麻烦写下您的介绍和经验。如果您有知道很专业，但是还没开通这个功能的行家，也一并推荐给我吧～）	49	draft	f	2016-02-06 12:26:59.83301+08	f	2016-03-02 18:28:46.894183+08	t	f
2016-02-16 15:17:43.34508+08	5560706554224	84745951	\N	ghhjj骨灰盒骨灰盒	49	draft	f	2016-02-16 15:17:43.34508+08	f	2016-03-02 18:28:46.894183+08	t	f
2016-02-09 21:38:28.845367+08	5502510961993	84750505	\N	作为小白，想了解关于二次元的信息，包括A站B站。可以从投资，产业等各角度	49	closed	f	2016-02-09 21:42:14.444592+08	f	2016-03-02 18:28:46.894183+08	t	f
2016-02-18 18:52:53.582399+08	5579277372063	84889407	84772628	想请问目前还可以在通州区投资房产吗？具有买房资质。	49	done	t	2016-02-19 16:48:05.057535+08	f	2016-03-02 18:28:46.894183+08	t	f
2016-02-24 08:18:37.582987+08	5627311944735	84876819	84749586	如何制定托福和GRE的备考计划？有不足一年的准备时间。	49	done	f	2016-02-28 13:30:00.085183+08	f	2016-03-02 18:28:46.894183+08	t	f
2016-02-14 08:23:38.154308+08	5540941990017	84743803	84772027	百度指数是如何得出的？和平媒发稿量有关？目前的计算方式是？	49	accepted	f	2016-02-14 21:05:43.825051+08	f	2016-03-02 18:28:46.894183+08	t	f
2016-02-23 12:01:34.334099+08	5620009677799	84743844	\N	想了解一下虚拟现实技术的应用场景和行业进展，求科普。同时想入手一台VR设备，研究一下VR的用户体验，平时从不玩游戏，所以对游戏性能没有要求，请帮我推荐一下哪款比较适合？	49	draft	f	2016-02-25 10:09:45.641121+08	f	2016-03-02 18:28:46.894183+08	t	f
2016-03-01 15:17:56.548961+08	5681667466522	84758072	\N	做问答网站如何低成本去吸引第一批用户？我们是创业团队，资金也比较有限。	49	closed	f	2016-03-02 13:14:17.429042+08	f	2016-03-02 18:28:46.894183+08	t	f
2016-02-23 21:40:10.498133+08	5623481070386	84783701	84781598	如何减重？我请了一对一的瑜伽老师。但还想在饮食上做一点调整。就是不知道该怎么计划。未来要备孕。还要在保证营养的前提下减重～	49	accepted	f	2016-02-24 10:03:33.454341+08	f	2016-03-02 18:28:46.894183+08	t	f
2016-02-18 17:51:00.302674+08	5578906063464	84878799	\N	各位好（姬老师好）⁽⁽ૢ(⁎❝ົཽω❝ົཽ⁎)✧，作为一个有梦想的大龄女青年，法学院毕业后希望做一款能挣到钱的互联网加法律产品， 线上提供法律服务，线下能够约律师。 服务对象， 中青年（特别是青年）人群， 他们具备法制意识，习惯使用互联网或者手机客户端。目前纠结的写创业计划中。	49	closed	f	2016-02-18 17:53:13.771381+08	f	2016-03-02 18:28:46.894183+08	t	f
2016-02-15 18:54:02.867342+08	5553364344493	84747843	84777286	怎么评估中概股回归A股市场中的投资机会？如果能以QIHU为例来给一些建议更好。	49	done	t	2016-02-21 17:37:18.824105+08	f	2016-03-02 18:28:46.894183+08	t	f
2016-02-04 11:41:40.720039+08	5455730248103	84743844	84747468	在内容的分类标签系统中，做前台品类和后台品类设定应该有什么不同的特征？有时后台品类的划分维度与前台品类不同，如何做前后台映射？	49	done	t	2016-02-21 18:16:27.499434+08	f	2016-03-02 18:28:46.894183+08	t	f
2016-02-19 19:08:58.266008+08	5588013844773	84745950	84745920	想带2岁孩子去美国，不知道时差对孩子会有多大影响？	49	refunded	f	2016-02-24 16:28:53.451028+08	f	2016-03-02 18:28:46.894183+08	t	f
2016-02-10 13:48:54.404035+08	5508333624525	84749873	84785144	母亲得了贲门癌，刚做完手术瘦的很快。术后恢复一直很慢，具体也不知道该吃什么食物可以帮助她恢复快些，她也能吸收营养？求助。	49	done	t	2016-02-25 15:56:23.324121+08	f	2016-03-02 18:28:46.894183+08	t	f
2016-02-18 12:25:38.100679+08	5576954012902	84769599	84772628	广西防城港房价过去两年走势是怎样的？未来三年的走势又会是怎样的？理由是什么？	49	done	t	2016-02-19 08:54:51.386329+08	f	2016-03-02 18:28:46.894183+08	t	f
2016-02-26 09:45:46.47139+08	5645114532869	84749873	84776171	家有癌症患者如何自我与对家人的心态调整 ？	49	done	t	2016-02-26 12:41:27.845211+08	f	2016-03-02 18:28:46.894183+08	t	f
2016-02-25 03:08:00.886647+08	5634088067640	84840274	84776171	作为儿童医院临床工作者，会遇到不少需要公益救助的小朋友，但是筹集资金进程非常缓慢，病情又不容拖延，身为医生如何在公益中更好地参与进来，让孩子不必因为金钱耽误病情？	49	done	t	2016-02-28 12:10:25.416948+08	f	2016-03-02 18:28:46.894183+08	t	f
2016-02-16 15:23:14.406122+08	5560739275201	84745951	\N	ghhjj骨灰盒骨灰盒	49	draft	f	2016-02-16 15:23:14.406122+08	f	2016-03-02 18:28:46.894183+08	t	f
2016-02-25 03:27:56.713691+08	5634207724270	84768290	84825434	如何在微信群做粉丝营销实现变现？	49	done	f	2016-02-29 16:00:00.10383+08	f	2016-03-02 18:28:46.894183+08	t	f
2016-02-18 10:29:15.408464+08	5576255423365	84769791	\N	做为一名互联网后端技术开发人员想提升自己的综合能力，有什么好的途径去学习一些什么硬技能和软技能？（例如逻辑思维能力和深入思考的能力）	49	refunded	f	2016-03-03 15:04:35.058995+08	f	2016-03-02 18:28:46.894183+08	t	f
2016-02-26 17:46:25.435633+08	5647998568421	84769791	84799624	做一篇在朋友圈广泛传播的文章，在之前需要做哪些关键的准备工作？这几个关键步骤会带来什么效果。	49	done	f	2016-03-05 21:29:59.186324+08	f	2016-03-02 18:28:46.894183+08	t	f
2016-02-26 19:07:26.770891+08	5648484612104	84747843	84745854	有没有更便捷的方式制作微信长图文？	49	refunded	f	2016-02-26 19:55:10.955546+08	f	2016-03-02 18:28:46.894183+08	t	f
2016-02-20 18:03:54.648081+08	5596263454278	84751884	84782958	怎样从零开始尝试做一个个人电台？大学期间在省台做过一年兼职DJ，虽然后来的工作与此无关，但始终保有一份兴趣和热爱。目前已经在互联网圈工作过八年，想尝试重拾当年的热爱。	49	done	t	2016-02-23 00:25:10.006343+08	f	2016-03-02 18:28:46.894183+08	t	f
2016-02-07 16:29:42.477295+08	5483378253593	84745858	84771355	科技，新闻，生活方式媒体最近对哪些话题比较热衷？欢迎媒体人畅聊。	49	done	t	2016-02-09 20:49:18.686829+08	f	2016-03-02 18:28:46.894183+08	t	f
2016-02-23 21:43:55.48307+08	5623503590618	84784465	84795949	如何让巨忙的加班狗潜在男友每天自觉说话？	49	done	t	2016-02-25 21:03:49.441823+08	f	2016-03-02 18:28:46.894183+08	t	f
2016-02-25 03:31:46.485983+08	5634230743242	84840274	84790861	冥想会给生活、工作、情绪、意志带来怎样的改变？求切身体会过并相见恨晚之人回答	49	accepted	f	2016-02-26 05:52:53.6874+08	f	2016-03-02 18:28:46.894183+08	t	f
2016-02-18 13:11:40.912648+08	5577230347727	84752829	\N	我想联系鬼吹灯的作者天下霸唱，北京先锋文化签的，有朋友能联系到么	49	refunded	f	2016-02-24 16:29:11.931266+08	f	2016-03-02 18:28:46.894183+08	t	f
2016-02-19 19:15:27.625337+08	5588052782911	84745950	84745920	微博还有营销宣传的价值吗？如果有，可以怎么入手？	49	refunded	t	2016-02-24 16:29:27.018034+08	f	2016-03-02 18:28:46.894183+08	t	f
2016-02-18 22:15:26.777093+08	5580492752355	84878799	84747078	教育咨询行业呆过数月 物业公司一年 律所半年 请问该怎么做自己职业规划 还是跳槽到大型央企从保险电销做起 怎么分辨职业中错误的经验指导？还是自己创业？创业者应该具备的素质？创业企业如何摆脱靠融资度日的运营误区最后盈利。	49	accepted	f	2016-02-18 23:02:12.144389+08	f	2016-03-02 18:28:46.894183+08	t	f
2016-02-28 08:58:53.202122+08	5662113483299	84749873	\N	感情心理问题 哪位行家 来帮忙指导（希望是感情方面专家）？	49	refunded	f	2016-03-01 15:55:34.203117+08	f	2016-03-02 18:28:46.894183+08	t	f
2016-02-07 14:41:25.732898+08	5482728473540	84754105	84777286	创业公司一般有哪些活动需求？比如产品发布会，品牌沟通会，媒体发布会，品牌体验日等等，希望了解这方面的信息。	49	done	t	2016-02-12 12:14:09.578018+08	f	2016-03-02 18:28:46.894183+08	t	f
2016-03-15 20:10:19.152643+08	5804381950279	84831166	84875323	Bilibili这类型的产品是怎么做用户运营的？发现Bilibili和网易云音乐这两个产品的用户忠诚度比较高，所以想请教一下如何能培养用户的忠诚度。	149	done	f	2016-03-15 20:10:19.152643+08	f	2016-03-15 20:11:39.841964+08	t	t
2016-02-09 22:34:09.016179+08	5502844943447	84773583	84777286	我弟弟，24岁读研一。中国石油大学，石油工程专业。因油价近年持续下跌，石化国企体制等因素（依仗大背景，人为设置入职学历门槛，实则大多干着蓝领的技术活儿。）弟弟觉得行业前途暗淡，想休学往金融行业发展（非专业也没经验），想找职业规划或金融行业的前辈，咨询入行事宜和发展建议！	49	done	f	2016-02-14 11:00:00.09249+08	f	2016-03-02 18:28:46.894183+08	t	f
2016-02-06 12:27:17.719161+08	5473283969687	84746454	84777119	如何快速了解一个城市的产业与经济结构？尤其是互联网行业的发展情况。在哪里搜集资料？从哪些角度去做分析？希望互联网/咨询行业从业者，做过城市分析与调查的人来交流。	49	done	t	2016-02-21 18:13:49.825126+08	f	2016-03-02 18:28:46.894183+08	t	f
2016-02-15 09:02:23.136566+08	5549814145542	84751934	\N	招聘一位猎头顾问。坐标苏州，3年+MPC，带过团队。年薪30-50W	49	closed	f	2016-02-15 10:33:42.237824+08	f	2016-03-02 18:28:46.894183+08	t	f
2016-02-18 18:02:59.883122+08	5578978069169	84878799	84799624	想写一份互联网加法律创业项目的计划书，计划书包含哪几个重要的方面？哪些方法能知道这个市场有多大？	49	done	t	2016-02-21 22:28:54.478542+08	f	2016-03-02 18:28:46.894183+08	t	f
2016-02-06 20:37:20.290239+08	5476223918319	84754941	84746164	颈椎和右肩交界处疼了好多年了，有个痛点，一摁锥心的痛，伴随麻木和头晕，试了很多方式，除了理疗按摩缓解没有更好方式，有不有好的建议？	49	done	t	2016-02-24 14:03:11.791127+08	f	2016-03-02 18:28:46.894183+08	t	f
2016-02-24 14:37:19.146236+08	5629584169139	84760732	84758947	对于电商产品，只能靠图片和文字描述吸引客户。如何行之有效的总结产品卖点然后写一篇言简意赅同时又可以打动客户的产品宣传文案？	49	done	t	2016-02-24 16:50:18.279207+08	f	2016-03-02 18:28:46.894183+08	t	f
2016-02-28 19:05:41.186244+08	5665754014939	84783004	84873183	关于宠物的问题。家有7岁贵妇犬一只，近两年经常腹泻便血，吃了很多药都不太有效，但精神和食欲一直不错。想请教靠谱的宠物医生原因和治疗方法。	49	done	t	2016-03-02 18:47:08.026828+08	f	2016-03-02 18:28:46.894183+08	t	f
2016-03-01 23:30:33.669201+08	5684623656345	84843802	84776171	目前哪个城市的房子最值得投资？	49	done	t	2016-03-02 22:37:21.743334+08	f	2016-03-02 18:28:46.894183+08	t	f
2016-03-18 19:18:12.539172+08	5829989229791	84761309	\N	目前各大直播平台和主播的合作模式有哪些？主播的收入计算方式是怎样的？希望了解直播平台规则的行家解答。	149	refunded	f	2016-03-18 19:18:37.199629+08	f	2016-03-18 19:18:12.539172+08	t	f
2016-02-23 13:50:48.107053+08	5620665023732	84750010	84756486	产品（智能硬件）发布初期，在控制成本的前提下应优先选择哪些渠道和方式做宣传？具体产品是智能种菜机，主打上海市场，希望微信营销和线下推广相结合。	149	done	t	2016-03-03 11:34:19.77179+08	f	2016-03-02 18:28:46.894183+08	t	f
2016-03-03 09:07:58.031215+08	5696727622649	84818197	84785144	母亲（57岁）体检出有脑动脉硬化、脑供血不足的问题，如何调理和治疗？	49	accepted	f	2016-03-03 12:07:28.294997+08	f	2016-03-03 09:07:58.031215+08	t	f
2016-03-04 10:09:02.949659+08	5705734478100	84758947	\N	请问艺术品电商的进入机会如何，比如文房四宝之类，现在这个类目电商的表现如何？	49	draft	f	2016-03-04 10:09:02.949659+08	f	2016-03-04 10:09:02.949659+08	t	f
2016-03-04 14:09:36.354297+08	5707177490205	84810810	\N	Wordpress开发问题，修改咨询	49	draft	f	2016-03-04 14:09:36.354297+08	f	2016-03-04 14:09:36.354297+08	t	f
2016-03-04 14:20:08.533854+08	5707241035780	84810810	\N	Wordpress 二次开发的咨询，具体问题是：如何在wordpress 模版基础上开发用户系统，和添加视频展示功能？	49	public	f	2016-03-04 15:06:37.290397+08	f	2016-03-04 14:20:08.533854+08	t	f
2016-03-03 17:55:32.345769+08	5699893224377	84747843	84778892	如何科学地为一些新产品或服务定价？需要什么样的调研或消费心理的洞察？	149	done	t	2016-03-04 16:39:54.585987+08	f	2016-03-03 17:55:32.345769+08	t	f
2016-03-02 11:06:47.134481+08	5688800469807	84896957	84764337	本人目前是中文专业学生，毕业后想从事新媒体行业，然而缺乏专业的指导。期望媒体专业的人士有个沟通，主要想了解运营方面所需的技能和学习方法，感激不尽。	49	done	t	2016-03-06 22:49:04.221772+08	f	2016-03-02 18:28:46.894183+08	t	f
2016-03-02 22:39:12.310293+08	5692955279327	84843802	84799624	哪位对成都的房产投资有所了解，最好在成都，谢谢。	49	done	t	2016-03-08 20:36:01.560419+08	f	2016-03-02 22:39:12.310293+08	t	f
2016-03-05 10:45:42.892219+08	5714594190794	84835491	\N	寻备孕专家研究备孕课题	49	draft	f	2016-03-05 10:45:42.892219+08	f	2016-03-05 10:45:42.892219+08	t	f
2016-02-26 14:04:14.885585+08	5646665752214	84812043	84763922	如何能实操性的成为一个人格分裂的网红？（可执行性强的，最好15天到30天内做到，细致到按时间进行）	49	accepted	f	2016-03-11 10:43:13.573443+08	f	2016-03-02 18:28:46.894183+08	t	f
2016-03-03 15:50:48.127915+08	5699145036639	84758072	84750532	在求职时，当面试官问我：“你有什么要问我的吗？”应该问他什么会起到加分的作用？	49	refunded	f	2016-03-08 14:45:11.96695+08	f	2016-03-03 15:50:48.127915+08	t	f
2016-03-24 22:28:02.809152+08	5882968451322	84882971	\N	大学毕业生文科专业，在当下竞争激烈的职场和学业中，如何保有良好的求学状态，既可以静心读书，又同时拥有丰富多彩的实习经历，获得个人成长？  	149	public	f	2016-03-24 22:28:41.181737+08	f	2016-03-24 22:28:02.809152+08	t	f
2016-03-05 21:52:00.122855+08	5718592025640	84878799	\N	有了解零售业，便利店“today”的吗？想咨询一些相关信息。	49	public	f	2016-03-05 22:58:56.233167+08	f	2016-03-05 21:52:00.122855+08	t	f
2016-03-08 13:13:14.77136+08	5741399391792	84749846	\N	希望了解资产证券化，尤其是ABS相关，最好有过实际经验或认识相关人士	149	draft	f	2016-03-08 13:13:14.77136+08	f	2016-03-08 13:13:14.77136+08	t	f
2016-03-05 14:11:30.681808+08	5715829271093	84749873	84763922	如何与思维混乱的人沟通？ 希望能够帮助他成长。	49	done	t	2016-03-06 18:12:14.585834+08	f	2016-03-05 14:11:30.681808+08	t	f
2016-03-07 22:55:02.525984+08	5736250355990	84750240	\N	有谁认识皮质包袋的设计师吗？懂面料，最好有工厂资源的	49	draft	f	2016-03-07 22:55:02.525984+08	f	2016-03-07 22:55:02.525984+08	t	f
2016-03-09 11:16:43.930481+08	5749340513714	84743845	\N	我是想测试一下草稿，还不够10字	49	draft	f	2016-03-09 11:16:43.930481+08	f	2016-03-09 11:16:43.930481+08	t	f
2016-03-09 11:18:47.81816+08	5749352970056	84743845	\N	健健康康了旅途快乐OK	49	draft	f	2016-03-09 11:18:47.81816+08	f	2016-03-09 11:18:47.81816+08	t	f
2016-03-09 14:20:23.819785+08	5750442220970	84832624	\N	【她们能聊来男朋友为什么我不行？】到底怎么聊才可以和一个男生无话不谈而且聊很多、并且还能聊到让对方感兴趣？在微信上又要注意哪些不至于聊天时招致反感？如果对方对你感兴趣了怎么确定他是不是真心的、还有他说的话是不是在骗你？	149	draft	f	2016-03-09 14:20:23.819785+08	f	2016-03-09 14:20:23.819785+08	t	f
2016-03-09 16:44:08.893212+08	5751304739610	84768290	\N	新疆驴奶粉，用网络和营养师。如何设计价格体系？	49	draft	f	2016-03-09 16:44:08.893212+08	f	2016-03-09 16:44:08.893212+08	t	f
2016-03-05 23:55:10.905812+08	5719331083242	84749873	84763922	什么是一个人该有的成熟？如何做一个好人？	49	done	t	2016-03-09 16:48:41.999822+08	f	2016-03-05 23:55:10.905812+08	t	f
2016-03-02 12:29:38.076005+08	5689297553668	84835491	\N	想咨询两个问题：1、如何科学胎教？1、胎教都有哪些注意事项？	49	refunded	f	2016-03-03 10:46:08.821065+08	f	2016-03-02 18:28:46.894183+08	t	f
2016-03-05 18:41:34.90448+08	5717449565826	84874053	84771355	移动互联网行业创业期公司如何建立有效的绩效管理制度，对于KPI及OKR如何区别使用？技术人员与业务人员如何区别对待？业务与价值观如何融合？高管人员该如何考核？	149	accepted	f	2016-03-12 10:37:14.841223+08	f	2016-03-05 18:41:34.90448+08	t	f
2016-03-16 18:24:34.460058+08	5812387458743	84905950	84807877	我想了解下国外品牌（如可口可乐）怎么做社会化媒体营销？比较成功的案例有哪些呢？	49	done	t	2016-03-18 16:54:22.870155+08	f	2016-03-16 18:24:34.460058+08	t	f
2016-03-20 20:19:13.069356+08	5847635549745	84758954	84775743	非转基因压榨大豆油在北京有市场么？如何定价？渠道如何选择？（飞转基因大豆成本1.5元/斤，7斤大豆出一斤油，理论上不算设备折旧和人工，成本为10块钱一斤油。市面上大豆油5升，就是10斤装，是38-100元不等，折算世价3.8元到10元一斤商品大豆油。其实一算你就知道你吃的什么油）	49	accepted	f	2016-03-26 16:27:26.396684+08	f	2016-03-20 20:19:13.069356+08	t	f
2016-03-10 04:17:05.029513+08	5755462288749	84825768	\N	TOP50 美本本科在读，主修管理科学，辅修视觉传达。该怎样在暑假(三个月)找一份产品方面的实习工作？\n我对科技产品极有热情，热爱互联网。\n\n实习最好坐标北京。\n为积累经验，月薪不限。\n互联网产品或硬件产品均可。	149	draft	f	2016-03-10 04:17:05.029513+08	f	2016-03-10 04:17:05.029513+08	t	f
2016-03-25 17:04:21.537019+08	5889666264689	84897376	\N	如何丰富、有效地度过gap的一年？具体来说，如何在这一年中安排好日语（N1，已过N2）英语考试和考研二战的关系？	149	public	f	2016-03-25 17:05:41.417747+08	f	2016-03-25 17:04:21.537019+08	t	f
2016-03-25 07:13:34.708751+08	5886121774397	84810998	84814722	减肥营养类公众号，如何通过线上渠道精准找到有一定收入基础的女粉丝？	149	accepted	f	2016-03-26 14:38:19.099775+08	f	2016-03-25 07:13:34.708751+08	t	f
2016-03-11 13:44:05.329846+08	5767504312291	84759652	\N	优化师这三个字你怎么理解？还有哪些高大上的相似称呼让人希望被加冕？希望策划文案高手来回答。	49	refunded	f	2016-03-19 09:24:59.355486+08	f	2016-03-11 13:44:05.329846+08	t	f
2016-03-07 15:59:06.211566+08	5733754410206	84769791	\N	创业公司在尚未组建相对完整的技术团队时，是否可以通过外包来做应用开发？希望有创业经验的行家来分析一下这么做的利弊。	149	refunded	f	2016-03-08 22:31:38.041526+08	f	2016-03-07 15:59:06.211566+08	t	f
2016-03-09 00:05:52.248189+08	5745315315428	84850393	\N	有了解AT Kearney的PAS部门的行家吗？希望了解业务模式，招聘信息和行业动态。	49	closed	f	2016-03-23 22:45:40.444886+08	f	2016-03-09 17:25:23.399182+08	t	f
2016-03-08 20:34:30.202603+08	5744047013936	84843802	\N	月工资税后11800左右，买了个小房子房贷每月5500，出租出去了收入4600，自己租房费用5000，手头有一部分钱，大概能还贷款的1/3，问现应该将钱还贷减压，还是在现在大环境不错的情况下投资一套小房子？	49	refunded	f	2016-03-08 22:17:10.161708+08	f	2016-03-08 20:34:30.202603+08	t	f
2016-03-10 10:44:27.989084+08	5757787257833	84774354	84777286	有人对公司收购有经验么？希望可以咨询相关的信息局。团队如何处理、老投资人利益如何分配等	149	done	t	2016-03-11 15:33:30.677156+08	f	2016-03-10 10:44:27.989084+08	t	f
2016-02-04 15:58:46.259231+08	5457272868054	84745875	84791916	关于特定人群的运营，有哪些方法？请以案例和方法论两种方式讲解。	49	refunded	f	2016-03-11 16:49:34.393825+08	f	2016-03-02 18:28:46.894183+08	t	f
2016-03-09 18:18:30.533008+08	5751870886153	84850393	\N	W.W Chan的定制西装怎么样？价格如何？有定制过的行家吗？	49	closed	f	2016-03-23 22:45:50.123544+08	f	2016-03-09 18:18:30.533008+08	t	f
2016-03-07 15:04:35.971288+08	5733427898647	84891985	84743844	如何利用碎片化的时间阅读？电子书和纸质书哪种方式更有阅读效率？本人平时工作很忙，希望能请教一些关于阅读的技巧。	49	refunded	f	2016-03-17 17:14:26.514704+08	f	2016-03-07 15:04:35.971288+08	f	f
2016-03-10 11:03:16.556029+08	5757900079417	84757340	84769181	手机直播行业现状如何？除了游戏和秀场还有没有其它商业模式？	149	done	t	2016-03-13 20:43:50.197878+08	f	2016-03-10 14:14:59.566156+08	t	f
2016-03-22 13:21:25.203784+08	5862408528096	84882971	84764337	在面试中如何自我介绍才能让人觉得印象深刻？今年要毕业开始找工作，在面试的时候如何自我介绍才会显得不死板，希望给面试官一个独特的印象。	49	done	t	2016-03-24 22:01:25.156604+08	f	2016-03-22 13:21:25.203784+08	t	f
2016-03-07 16:40:34.028805+08	5734003496801	84769943	84758954	希望了解专业机构（广告公司、律师事务所、公关公司、会计事务所、管理咨询公司等）的考核激励机制，希望行业薪酬福利主管或者高管能够分享一些实践经验。	149	done	t	2016-03-18 13:00:00.051696+08	f	2016-03-07 16:40:34.028805+08	t	f
2016-02-04 16:29:03.965021+08	5457454312393	84750178	84799624	当需要和垄断性企业撕逼的时候他们爱搭不理，就是不解决。或者说我们流程就这样，我们客服是外包的…… 这怎么破？！！！	49	done	t	2016-03-11 11:14:34.821771+08	f	2016-03-02 18:28:46.894183+08	t	f
2016-02-26 09:43:40.674241+08	5645102267385	84747843	84765120	怎样才能找到真正适合自己的自由职业之路？像很多女文青一样想过个人电台、咖啡馆，也考虑过培训师或咨询师，但不好判断不同选项所需的能力和努力以及未来前景。	149	done	t	2016-03-11 12:28:13.089379+08	f	2016-03-02 18:28:46.894183+08	t	f
2016-03-11 12:45:12.329138+08	5767151049429	84760792	\N	今年想去硅谷和以色列一趟，时间初步计划在分别10天以上，主要目的是想学习和体验一下世界上最具创新能力的两个地方，也想顺便朝拜下耶路撒冷，有这方面路线、资源、经验可以分享的行家吗？谢谢！	49	public	f	2016-03-11 12:45:26.675741+08	f	2016-03-11 12:45:12.329138+08	t	f
2016-02-22 21:04:58.933808+08	5614629944350	84840274	\N	如何反驳纹身会破坏风水的观点？如何说服父母接受自己纹身？	49	refunded	f	2016-02-25 03:08:27.927225+08	f	2016-03-02 18:28:46.894183+08	t	f
2016-02-24 00:45:46.115765+08	5624594784945	84765048	\N	自认为有收纳整理的异禀，请教他们如何才能成为独立收纳整理师。	49	refunded	f	2016-02-24 00:46:47.28174+08	f	2016-03-02 18:28:46.894183+08	t	f
2016-03-11 09:12:29.202214+08	5765875062244	84758954	84746199	“葡萄园”在圣经里面的隐喻如何理解？	49	done	t	2016-03-19 10:45:16.706502+08	f	2016-03-11 09:12:29.202214+08	t	f
2016-03-09 14:21:05.556595+08	5750446469807	84832624	84763922	【她们能聊来男朋友为什么我不行？】到底怎么聊才可以和一个男生无话不谈而且聊很多、并且还能聊到让对方感兴趣？在微信上又要注意哪些不至于聊天时招致反感？如果对方对你感兴趣了怎么确定他是不是真心的、还有他说的话是不是在骗你？	149	done	t	2016-03-15 22:35:06.209406+08	f	2016-03-09 14:21:05.556595+08	t	f
2016-03-10 13:15:27.311753+08	5758693110751	84760792	\N	求分享你人生中进步最大最快的一段经历，让周围的人刮目相看的那种。除了故事本身想了解更多当时的思考、困难、心态，以及这些进步和变化之后给你带来的后续改变。	49	public	f	2016-03-10 13:16:00.539234+08	f	2016-03-10 13:15:27.311753+08	f	f
2016-03-07 22:56:35.079189+08	5736259415466	84750240	\N	如何快速找到手袋／箱包设计师？希望了解面料，有真皮工厂资源。	49	refunded	f	2016-03-11 21:55:08.015813+08	f	2016-03-07 22:56:35.079189+08	t	f
2016-03-09 18:34:42.944263+08	5751968516370	84767602	84751961	玩具设计是一个什么样的行业？如何成为一名玩具设计师？	149	accepted	f	2016-03-16 19:01:00.963178+08	f	2016-03-09 18:34:42.944263+08	t	f
2016-03-10 13:37:06.842607+08	5758822358005	84760101	84793606	想咨询一下关于房地产销售人员如何选择一家好的房产公司？哪个城市的房子目前比较适合投资？	49	accepted	f	2016-03-18 00:55:16.496586+08	f	2016-03-10 13:37:06.842607+08	t	f
2016-03-14 14:25:11.535412+08	5793672187455	84765748	84791916	现在电商APP做用户晒单社区的情况是什么样的？	149	done	t	2016-03-19 21:42:06.905496+08	f	2016-03-16 17:16:14.636953+08	t	f
2016-02-24 22:25:20.633692+08	5632392176390	84811349	\N	如何为身在三线城市的老人寻找一位高素质的，能陪聊的保姆？	49	refunded	f	2016-02-25 09:13:38.575227+08	f	2016-03-02 18:28:46.894183+08	t	f
2016-02-24 22:26:35.605961+08	5632399667240	84811349	\N	如何为身在三线城市的老人寻找一位高素质的、能陪聊的保姆？	49	refunded	f	2016-02-24 22:28:56.714793+08	f	2016-03-02 18:28:46.894183+08	t	f
2016-03-10 13:37:24.517388+08	5758824941676	84751620	84764337	公众演讲就紧张，求克服紧张小技巧。	49	done	t	2016-03-11 19:59:38.476896+08	f	2016-03-10 13:37:24.517388+08	t	f
2016-03-10 03:05:51.264338+08	5755035478916	84832624	84840935	非表演专业学生如何能够实现表演梦？本人财管大三，出于自我认知及对表演的热爱希望毕业后去美国学表演。想了解临毕业的一年中可以如何学习，弥补一些经历和经验？国内外表演方面的学习或实习资源？提升表演能力的方法和渠道？	149	done	t	2016-03-13 14:19:11.516873+08	f	2016-03-10 13:21:34.946284+08	t	f
2016-03-01 19:21:45.297584+08	5683130810733	84759558	84799624	互联网公司做一个垂直行业的产品运营，商务拓展的主要操作方法是什么？	49	done	f	2016-03-14 10:59:44.5875+08	f	2016-03-02 18:28:46.894183+08	t	f
2016-02-29 20:02:57.780687+08	5674737810707	84891985	84745854	想经营微信公众号，但没有太多互联网技能，怎么迅速入门并能够制作出看上去高级的图文内容？	49	refunded	f	2016-03-03 13:59:29.83853+08	f	2016-03-02 18:28:46.894183+08	t	f
2016-03-01 15:27:04.098098+08	5681722695013	84769599	\N	目前正在使用Retrofit+RxJava+Dagger2设计Android客户端的架构，因为接触Android不久，用起来有些棘手，希望能够得到有经验的大拿指点迷津。	149	refunded	f	2016-03-03 13:57:01.850292+08	f	2016-03-02 18:28:46.894183+08	t	f
2016-03-05 05:42:47.694806+08	5712776971908	84825768	\N	TOP50 美本本科在读，主修管理科学，辅修视觉传达。该怎样在暑假(三个月)找一份产品方面的实习工作？\n我对科技产品极有热情，热爱互联网。\n\n实习最好坐标北京。\n为积累经验，月薪不限。\n互联网产品或硬件产品均可。	49	refunded	f	2016-03-05 11:02:44.748177+08	f	2016-03-05 05:42:47.694806+08	t	f
2016-03-10 04:21:42.53949+08	5755490681668	84825768	\N	TOP50 美本本科在读，主修管理科学，辅修视觉传达。该怎样在暑假(三个月)找一份产品方面的实习工作？\n我对科技产品极有热情，热爱互联网。\n\n实习最好坐标北京。\n为积累经验，月薪不限。\n互联网产品或硬件产品均可。	149	refunded	f	2016-03-10 13:13:20.697873+08	f	2016-03-10 04:21:42.53949+08	f	f
2016-03-15 09:03:38.8936+08	5800382079373	84760792	\N	如何更好地提升写作能力？重点想突破写作效率、写作构思、写作素材整理等，目前有在写一些文字，效率不是很高，产出文章费时较长，没有经过专门的写作训练，想系统提升一下。目前有个人公众号，1万5的粉丝，半年只写了8篇文章。我写非虚构类的专业普及文章，把专业知识和经验写给入门人群看。	49	public	f	2016-03-15 09:04:04.294851+08	f	2016-03-15 09:03:38.8936+08	f	f
2016-03-21 17:48:22.591019+08	5855370277191	84783384	\N	半年经验DSP产品经理，明天去面试一家ad exchange公司，希望行家帮忙模拟面试。沟通前我会把简历和JD发给您，感谢~	149	refunded	f	2016-03-21 18:34:36.341894+08	t	2016-03-21 17:57:05.761907+08	t	f
2016-03-25 11:02:50.600092+08	5887497047306	84789027	\N	上班族如何循序提高文言文阅读水平？希望有阅读清单的推荐。	49	public	f	2016-03-25 11:04:05.301282+08	f	2016-03-25 11:02:50.600092+08	t	f
2016-03-25 17:49:00.837761+08	5889934058958	84905574	\N	怎么更好的规划研究生生活？本人新闻传播专业本科即将毕业。	49	public	f	2016-03-25 17:49:43.818121+08	f	2016-03-25 17:49:00.837761+08	t	f
2016-03-19 22:48:00.803092+08	5839888174857	84758954	\N	谁能帮忙引荐清流资本？	49	public	f	2016-03-19 22:48:01.986014+08	f	2016-03-19 22:48:00.803092+08	f	f
2016-02-04 14:03:19.498884+08	5456580146953	84743824	84746087	如何开始买自己的第一只股票？希望2015年在股市中赚了10万以上的人来回答。	49	refunded	f	2016-03-15 11:47:40.649615+08	f	2016-03-02 18:28:46.894183+08	t	f
2016-03-19 09:51:19.149248+08	5835228049563	84767567	84783914	如何通过互联网快速找到所招聘职位的优质候选人？除了在几大招聘平台上发布信息，还有哪些独特的方法？	149	done	t	2016-03-20 14:23:43.185085+08	f	2016-03-19 09:51:19.149248+08	t	f
2016-03-18 15:48:18.498599+08	5828730393194	84743845	\N	私有企业的云存储设计部署要主要哪些问题？与公有云存储有什么比较大的区别？	49	public	f	2016-03-18 15:48:18.498599+08	f	2016-03-18 15:48:18.498599+08	f	t
2016-03-22 16:12:06.823085+08	5863432611169	84747843	84743819	一份个人求职陈述中应该更侧重个人过往经历的描述还是对申请职位的理解？	49	accepted	f	2016-03-22 16:12:06.823085+08	f	2016-03-22 16:12:06.823085+08	f	t
2016-03-15 00:04:11.642832+08	5797145176879	84745969	\N	曾经经常在早上把自己刚刚做的梦记下来，有些简直就是一部小说。最近1年竟然没有一个能让自己回忆起来的梦。我把一辈子的梦都做完了吗？如何做出更多更精彩的梦？	49	public	f	2016-03-15 00:05:26.582677+08	f	2016-03-15 00:04:11.642832+08	t	f
2016-03-15 10:22:53.040007+08	5800857428194	84774231	\N	对社群很感兴趣，但目前思路很乱，想不到一个系统的东西，所以想找个专家帮我理理	149	draft	f	2016-03-15 10:22:53.040007+08	f	2016-03-15 10:22:53.040007+08	t	f
2016-03-15 10:24:18.235551+08	5800865680489	84774231	\N	对社群很感兴趣，但目前思路很乱，想不到一个系统的东西，所以想找个专家帮我理理	49	draft	f	2016-03-15 10:24:18.235551+08	f	2016-03-15 10:24:18.235551+08	t	f
2016-03-15 15:26:29.372603+08	5802678753165	84750178	\N	为什么结算平台都是只支持ie呢？	49	refunded	f	2016-03-15 15:27:11.036687+08	f	2016-03-15 15:26:29.372603+08	t	f
2016-03-10 17:37:39.337141+08	5760265994744	84745850	\N	测试测试测试测试测试测试测试测试测试测试测试测试测试测试测试测试测试测试测试测试测试	49	refunded	f	2016-03-15 16:27:16.846873+08	f	2016-03-11 09:56:01.496405+08	f	f
2016-03-13 18:37:27.749837+08	5786544259039	84755225	\N	求问深入研究学习王阳明的途径和方法。目前已经读过王阳明大传，传习录，王阳明心学，明朝一哥王阳明，知行合一王阳明1、2这几本书。觉得还不够。我是心理学博士在读，研究王阳明没什么具体用途，单纯觉得他牛逼所以好奇想学。	49	refunded	f	2016-03-13 18:45:47.233975+08	f	2016-03-13 18:37:27.749837+08	t	f
2016-03-10 13:09:22.691109+08	5758655947913	84760792	84763922	怎么科学地克服失重和失重的恐惧？很想突破对于这方面的生理恐惧，能去尝试过山车、滑翔、蹦极甚至跳伞。我比一般人更害怕乘坐过山车，小时候很容易晕车。现在带VR眼镜坐在会动的椅子上也会有很强的生理恐惧感，怎样可以科学地训练克服？	49	done	t	2016-03-16 19:38:21.298468+08	f	2016-03-10 13:09:22.691109+08	t	f
2016-03-10 11:56:04.813827+08	5758216146539	84760792	84743844	想掌握高效的快速阅读方法。自己算是一个学习爱好者，阅读速度只是正常，想进一步提升快速阅读的能力。大概看过一些快速阅读的书，不幻想一句话改变，愿意接受系统的方法进行训练。	49	done	t	2016-03-16 19:41:31.433267+08	f	2016-03-10 13:22:12.264839+08	t	f
2016-03-12 17:27:03.295145+08	5777482892645	84760792	\N	有什么有效的戒烟方法吗？怎样可以有效劝说父亲戒烟？抽烟快三十年，现在五十多岁，很为他的身体担心，给他买过戒烟贴、戒烟香、电子烟等，他也口头上也说想戒，说平时压力大抽根烟解除压力。希望行家能帮我和父亲远程语音劝说一下。我父亲是个讲理之人，不是那种完全拐不过弯的死脑筋。	49	public	f	2016-03-12 17:27:24.792986+08	f	2016-03-12 17:27:03.295145+08	f	f
2016-03-16 14:41:57.542628+08	5811051956459	84907047	84743819	在给天使投资人演示的商业计划书时，哪种表现方式会更有说服力？应该是PPT,Word,视频还是产品Demo？	49	done	f	2016-03-16 14:41:57.542628+08	f	2016-03-16 14:41:57.542628+08	t	t
2016-03-15 22:59:37.131505+08	5805397696612	84743845	84745853	如何应对互联网技术电话面试？本人面试的是后端开发职位，一紧张语速就会比较快，想希望有经验的行家告诉一些增加电话面试通过率的技巧。	149	done	f	2016-03-16 09:21:47.383322+08	f	2016-03-15 22:59:54.795101+08	t	t
2016-03-15 22:57:08.869446+08	5805382923750	84793167	84745854	互联网产品经理需要具备哪些软件技能？从事产品设计一年，目前掌握了sketch的使用技能，希望能再学习一些软件来提高工作效率。	49	done	f	2016-03-15 22:57:08.869446+08	f	2016-03-15 22:57:08.869446+08	t	t
2016-03-22 13:30:09.655748+08	5862460974146	84908977	84771428	怎么能成长为互联网方向的投资经理？研一在读，希望毕业后能从事投资经理的工作，想了解一下这个职位的成长路径。	149	accepted	f	2016-03-25 11:58:30.342008+08	f	2016-03-22 13:30:09.655748+08	t	f
2016-03-16 13:45:39.093115+08	5810714142219	84907010	84745875	创业初期该如何选择服务器进行托管？云主机还是服务器租用，哪个最靠谱？希望有专业背景的技术大牛来指点一下。	49	done	f	2016-03-16 13:45:39.093115+08	f	2016-03-16 14:42:20.605757+08	t	t
2016-03-17 11:25:39.432748+08	5818514166120	84816602	84779091	微信公众号什么时候推送消息效果最佳？我们是做优质生活生活方式推荐的，想了解一下推送时间的不同带来的不同效果。求亲自做过微信运营的行家解答。	49	done	t	2016-03-18 21:33:04.163257+08	f	2016-03-17 11:25:39.432748+08	t	f
2016-03-16 10:58:06.139108+08	5809708838009	84758954	84751620	如何理解马云说的“如果一个项目创始人能说清楚他的商业模式，我绝对不会投”？	49	done	t	2016-03-19 10:32:23.995057+08	f	2016-03-17 10:35:06.457236+08	t	f
2016-03-15 18:43:46.928339+08	5803862718557	84758072	\N	想了解一下做ppt的方法论？	49	closed	f	2016-03-15 18:44:10.281785+08	f	2016-03-15 18:43:46.928339+08	t	t
2016-03-18 15:49:59.051447+08	5828740320264	84879406	84773457	微博和LOFT上有大量同人出本和同人周边，这些产品的制作是怎样的流程？盈利方式是怎样的？这里边涉不涉及侵犯版权的法律问题？	149	accepted	f	2016-03-21 11:45:52.229766+08	f	2016-03-18 15:49:59.051447+08	t	f
2016-03-13 23:52:01.939536+08	5788433072090	84815168	\N	当前小额信贷市场前景如何？在中国信用体系缺失的情况下，有哪些数据可以支撑用户的信用评价体系呢？	49	refunded	f	2016-03-21 00:14:54.538879+08	f	2016-03-14 10:22:44.208709+08	t	f
2016-03-10 16:49:31.130975+08	5759977175030	84811349	84791916	互联网用户客服和产品调研的沟通中，有哪些技巧和话术能够更好获得产品改进的信息？	49	done	t	2016-03-22 15:08:14.763133+08	f	2016-03-11 14:23:26.324988+08	t	f
2016-03-11 13:01:39.73533+08	5767249889945	84758954	\N	这是在行在内测么？能告诉我现在有多少活跃用户么？	49	refunded	f	2016-03-11 13:16:28.689284+08	f	2016-03-11 13:01:39.73533+08	f	f
2016-03-15 18:25:52.751246+08	5803755280947	84758947	\N	有人了解 原麦山丘 这家公司吗，聊聊哦	49	refunded	f	2016-03-15 18:51:30.245235+08	f	2016-03-15 18:25:52.751246+08	f	f
2016-03-21 18:11:56.274791+08	5855511681774	84837107	84783914	新人进入互联网领域该如何做职业选择？国际经济与贸易专业本科生在读，不想从事本专业的工作，希望能进入互联网领域，在如何进行职业选择上感觉很迷茫。	49	done	t	2016-03-23 13:20:29.823489+08	f	2016-03-21 18:11:56.274791+08	t	f
2016-03-15 14:39:18.846776+08	5802396188712	84840375	84765120	如何更好地使用印象笔记？希望有资深使用者和受益者能讲讲如何快速而有序地采集知识、灵感、人脉，并能在后续的工作落地执行中起到手到擒来事半功倍的作用。	49	accepted	f	2016-03-16 11:15:52.620706+08	f	2016-03-15 14:39:18.846776+08	t	f
2016-03-15 12:13:11.468339+08	5801519319148	84761170	\N	关于投资协议的问题：现在有个人想投资我们公司，因为投资份额很小而且不参与日常经营，我们也正在策划建个持股平台（就是合伙企业吧），想把他放到这个持股平台里面去。所以起草了一个协议，不知道是否合适，想请有经验的行家帮忙看看协议，提下指导意见。	49	refunded	f	2016-03-15 21:35:09.023663+08	f	2016-03-15 12:13:11.468339+08	t	f
2016-02-23 15:46:08.927474+08	5621357120936	84814463	84774183	寻求办公环境设计和维持整洁的好建议。我们是在别墅办公的影视制作公司，员工比较散漫，很难维持环境的整洁有序，但也不想走专员整理或者惩罚制度。	49	done	t	2016-03-16 21:36:19.109648+08	f	2016-03-02 18:28:46.894183+08	t	f
2016-02-04 11:04:49.551252+08	5455508845678	84756208	84762365	新手求教一些航拍的基本运用镜头的手法，如何拍出高大上的画面？	49	refunded	f	2016-03-15 14:12:55.209002+08	f	2016-03-02 18:28:46.894183+08	t	f
2016-03-14 16:35:14.53243+08	5794451434557	84758072	\N	做PPt有没有什么系统的方法论？	49	refunded	f	2016-03-14 16:35:42.370029+08	f	2016-03-14 16:35:14.53243+08	t	f
2016-03-14 19:15:25.516261+08	5795412561348	84758947	\N	请问大家，谁认识 原麦山丘这个公司的HR，或者这个公司的人，有点急事希望大家帮忙，谢谢大家了！！！	49	refunded	f	2016-03-14 19:44:59.106001+08	f	2016-03-14 19:15:25.516261+08	t	f
2016-02-18 21:06:21.423367+08	5580078137457	84750548	\N	如何增加女人味？从着装谈吐等各个方面。	49	refunded	f	2016-03-15 14:03:52.593836+08	f	2016-03-02 18:28:46.894183+08	t	f
2016-03-16 18:59:10.708027+08	5812595176338	84758072	\N	国内孵化器哪家最好？	49	draft	f	2016-03-16 18:59:10.708027+08	f	2016-03-16 18:59:10.708027+08	t	f
2016-03-16 20:32:27.635546+08	5813154847433	84875893	84774354	用户运营，产品运营，社区运营，活动运营，新媒体运营之间的区别是什么？本人运营新人，希望能比较清楚的分清这几个运营岗位的具体职责。	49	accepted	f	2016-03-16 22:47:48.953518+08	f	2016-03-16 20:32:27.635546+08	t	f
2016-03-17 00:28:48.693778+08	5814572994939	84772703	\N	作为一个中学科技课老师，希望让学生能够在课程以外了解更广泛的科技知识，哪些“知识性”科普内容最好？如何让这些内容和实际的项目联系起来？	49	draft	f	2016-03-17 00:28:48.693778+08	f	2016-03-17 00:28:48.693778+08	t	f
2016-03-16 11:23:31.429102+08	5809861380071	84906909	84743818	创业团队如何高效率的开会？我们团队目前十二个人，开会大部分时间都是在讨论，很多时候都没有讨论出一个可行的结果，最后还是按原来的方法做，这种情况该怎么办？求可行的指导方案。	149	solved	f	2016-03-16 11:23:31.429102+08	f	2016-03-16 17:16:35.600097+08	t	t
2016-03-17 00:32:21.964043+08	5814594272858	84772703	84746731	中学的科技课中，希望让学生能够在课程之外了解更多的科技。哪些“知识性”的科普内容最适合？是否有可能让学生通过这些内容找到合适自己的项目和机会？	49	done	t	2016-03-17 22:56:51.366808+08	f	2016-03-17 00:32:21.964043+08	t	f
2016-03-17 20:34:17.019903+08	5821805980339	84769138	\N	我们是一家精细化工生产企业，有精馏、合成、通氯、离心工段，近期在进行各方面总体提升，工艺方面公司内部有很厉害的专家，但弱项是缺少经验丰富的化工设备工程师，希望能推荐一个这方面的专业人士提供一下咨询。	149	closed	f	2016-03-25 07:25:35.891288+08	f	2016-03-17 20:34:17.019903+08	t	f
2016-03-17 21:25:34.934407+08	5822113789197	84882971	\N	电商平台里的收藏功能的主要价值是什么？转化率如何？	49	refunded	f	2016-03-17 21:26:56.797957+08	f	2016-03-17 21:25:34.934407+08	t	f
2016-03-20 10:57:15.493408+08	5844263455393	84746911	84875323	创业团队在早期已经完成股权分配，有能力很不错的新人加入到核心团队，该怎么处理这个情况？新进来的人在公司比较核心的技术岗位上，我们该不该让他知道这个情况？如果需要分配给他，这个时候怎么算？	149	done	f	2016-03-20 10:57:15.493408+08	f	2016-03-20 10:57:15.493408+08	t	t
2016-03-17 18:41:05.534761+08	5821126845529	84769599	84755157	iOS工程师怎么能转型为产品经理？在创业公司做了三年iOS工程师，希望能跳槽做产品经理，想提前了解一下产品经理的工作流程和具体职责，也希望能了解一下开发和产品经理之间容易存在的思维方式的差异。	49	accepted	f	2016-03-18 14:29:30.460707+08	f	2016-03-17 18:41:05.534761+08	t	f
2016-03-16 22:06:45.83649+08	5813720666269	84907377	84743844	完美的用户体验与简单的功能实现哪个更重要？刚加入创业公司的产品新人一枚，容易纠结要不雅花时间把用户体验做的更好，但产品迭代速度比较快时间不够，想知道在目前这个阶段该怎么平衡。	49	done	f	2016-03-16 22:06:45.83649+08	f	2016-03-16 22:06:45.83649+08	t	t
2016-03-17 16:16:38.735153+08	5820259847434	84789905	\N	项目管理，一个产品需求下来，一个项目管理负责人如何有节奏去分配任务	49	draft	f	2016-03-17 16:16:38.735153+08	f	2016-03-17 16:16:38.735153+08	t	f
2016-03-22 13:35:49.805091+08	5862495055162	84816602	84765120	怎么合理管理自己的时间来提高工作效率？刚刚参加工作不久的新人，加班的时间比较多，想了解如何能很好的进行时间管理。	49	done	t	2016-03-25 21:00:34.37277+08	f	2016-03-22 13:35:49.805091+08	t	f
2016-03-17 16:32:15.084333+08	5820353781377	84789905	\N	如何更高效地进行项目管理？当老板突发奇想说要做一个电商平台，已有参照对象，作为产品经理如何在有限时间内安排好计划，让下面团队成员不会觉得累和没有节奏。	49	public	f	2016-03-17 16:32:30.395477+08	f	2016-03-17 16:54:39.846004+08	t	f
2016-03-26 18:31:19.513545+08	5898827861189	84831166	\N	我想找位用AE很熟练并且有成功动效作品的行家聊一下我在AE方面遇到的问题，我最近刚学着弄这个，以后希望用AE作设计动态效果和剪辑短片。	49	public	f	2016-03-26 18:31:49.820816+08	f	2016-03-26 18:31:19.513545+08	t	f
2016-03-17 12:13:52.2238+08	5818803414620	84749918	84771614	请推荐国内目前运作良好的社会企业组织案例学习？分析其模式和方法，谢谢！	49	done	t	2016-03-22 10:24:45.170061+08	f	2016-03-17 12:13:52.2238+08	t	f
2016-03-20 20:08:56.006389+08	5847573483997	84758954	\N	传统压制大豆油在北京会有市场么？如何定价？如何选择渠道？	49	refunded	f	2016-03-21 09:39:25.159736+08	f	2016-03-20 20:08:56.006389+08	f	f
2016-03-17 16:38:03.929533+08	5820388691836	84777182	\N	如何科学健康的增加体重！	49	refunded	f	2016-03-17 16:38:43.652213+08	f	2016-03-17 16:38:03.929533+08	t	f
2016-03-18 09:03:14.949738+08	5826299979599	84882971	\N	电商平台里的收藏功能的主要价值是什么？转化率如何？	49	refunded	f	2016-03-18 19:14:18.294986+08	f	2016-03-18 09:03:14.949738+08	t	f
2016-03-19 10:18:43.351269+08	5835392597721	84758954	\N	有小伙伴在从事或准备从事共享经济方面的创业项目的么？比如在行一类的。	49	public	f	2016-03-19 10:18:46.593847+08	f	2016-03-19 10:18:43.351269+08	f	f
2016-03-19 13:03:10.188574+08	5836378864898	84758072	\N	创业团队在起步期间的工资怎么定？在经费有限的情况下，怎么定不同职位间的工资标准？	49	refunded	f	2016-03-19 13:03:24.976964+08	f	2016-03-19 13:03:10.188574+08	t	f
2016-03-19 10:17:13.409823+08	5835383223597	84758954	84771428	今天看到一篇文章说国内90%的天使投资人都是假天使，我想知道有谁见过真天使？	49	accepted	f	2016-03-24 15:05:11.234432+08	f	2016-03-19 10:17:13.409823+08	t	f
2016-03-17 21:12:52.029032+08	5822037599165	84783384	84882420	刚工作的产品经理，该不该进入移动医疗行业？是坑，还是机会？	149	done	t	2016-03-17 22:10:29.93811+08	f	2016-03-17 21:12:52.029032+08	t	f
2016-03-18 02:09:36.820499+08	5823818039809	84779332	\N	如何从一个互联网从业人员转型成投资机构的投资经理？	149	draft	f	2016-03-18 02:09:36.820499+08	f	2016-03-18 02:09:36.820499+08	t	f
2016-03-17 14:41:34.581002+08	5819689397396	84907855	84875323	创业VC机构如何看待创业公司有部分创始人和核心人员是兼职的情况（待公司首次融资成功之后再全职），是坚决不投、减分或者没有影响？想知道这个情况在投资人对公司的分析上的权重。	149	accepted	f	2016-03-17 14:41:34.581002+08	f	2016-03-17 14:41:34.581002+08	t	t
2016-03-17 11:55:52.032434+08	5818695075539	84905950	84787810	目前还能用p2p方式来进行个人理财吗？有哪些平台比较合适呢？理财新人，看到最近一些知名的公司都接连出事，有些担忧，希望能有老师指点一下目前的行情。	149	done	t	2016-03-19 21:14:19.074219+08	f	2016-03-17 11:55:52.032434+08	t	f
2016-03-17 16:47:37.112287+08	5820445980675	84789027	84769148	道德经的正确解读路径？怎样在文言文基础有限，结合适当注释的情况下能初步看第一遍？	49	accepted	f	2016-03-19 21:17:02.817821+08	f	2016-03-17 16:47:37.112287+08	t	f
2016-03-19 16:53:13.763483+08	5837759359343	84783384	84882420	半年toB产品经验。几乎拿不到toC的面试机会。链家在招管培生，链家管培生是否可以曲线救国成为链家的产品经理？求知情人解惑。如果有其他建议，欢迎砸过来。	149	done	t	2016-03-19 21:26:04.173806+08	f	2016-03-19 16:53:13.763483+08	t	f
2016-03-20 08:18:15.603245+08	5843309732219	84760792	\N	怎样高效有用地自学心理学？本人从事互联网产品和运营工作五年，深知心理学对于理解用户很有帮助，想用工作之余开始自学心理学，心理学大著非常多非常厚不知从何下手，如何开始开始自学呢？是否要去考证呢？哪些心理学知识是先不用学的？	49	public	f	2016-03-20 08:18:31.484638+08	f	2016-03-20 08:18:15.603245+08	t	f
2016-03-19 13:27:47.532396+08	5836526986179	84882971	84773051	有哪些可以提高工作效率的法则？创业公司大家对时间的概念都不是很强，有什么好的方法可以让大家高效率的工作。	49	done	t	2016-03-20 09:45:47.356853+08	f	2016-03-19 13:32:06.708089+08	t	f
2016-03-20 10:25:18.487269+08	5844072081780	84745853	\N	创业团队在早期已经完成股权分配，有能力很不错的新人加入到核心团队，该怎么处理这个情况？新进来的人在公司比较核心的技术岗位上，我们该不该让他知道这个情况？如果需要分配给他，这个时候怎么算？	49	public	f	2016-03-20 10:25:18.487269+08	f	2016-03-20 10:25:18.487269+08	f	t
2016-03-20 10:26:24.099829+08	5844078279357	84745853	\N	创业团队在早期已经完成股权分配，有能力很不错的新人加入到核心团队，该怎么处理这个情况？新进来的人在公司比较核心的技术岗位上，我们该不该让他知道这个情况？如果需要分配给他，这个时候怎么算？	149	public	f	2016-03-20 10:26:24.099829+08	f	2016-03-20 10:26:24.099829+08	f	t
2016-03-18 19:24:30.629435+08	5830027064446	84761309	84783914	目前各大直播平台和主播的合作模式有哪些？主播的收入计算方式是怎样的？希望了解直播平台规则的行家解答。	149	done	t	2016-03-20 10:34:55.541878+08	f	2016-03-18 19:24:30.629435+08	t	f
2016-03-18 02:11:13.351052+08	5823827686030	84779332	84758829	独立商业广告导演，如何能快速的接触到有需要的厂商？	49	done	t	2016-03-21 14:14:31.36021+08	f	2016-03-18 02:11:13.351052+08	t	f
2016-03-21 12:00:08.104264+08	5853281278228	84761309	84771428	创业项目的运营团队有哪些有效的团队管理方式？刚组建团队，没有太多的团队管理经验，想向有相关经验的行家学习一些能快速上手的管理方法。	149	done	f	2016-03-26 23:00:00.089767+08	f	2016-03-21 13:42:59.251495+08	t	f
2016-03-20 15:00:53.759122+08	5845725658417	84745883	84773457	这些年设计风格从拟物到扁平，未来可能还会更简洁，这个趋势是否会让人以为对技术水平要求降低，行业进入门槛降低，对设计师的印象更掉入填个颜色的美工，如何让人理解视觉设计的意义和作用	49	solved	f	2016-03-27 12:09:27.608629+08	f	2016-03-20 15:00:53.759122+08	t	f
2016-02-26 16:06:21.536679+08	5647398146066	84822775	84780626	在从外贸电商到新媒体营销的跨界换行中面临迷茫不确定以及资源的匮乏，如何能坚持走下去？从心态调整，职业转型或新媒体营销的建议等任一方面来分析都可以。	49	done	f	2016-03-20 16:00:00.073557+08	f	2016-03-02 18:28:46.894183+08	t	f
2016-03-20 11:01:04.001735+08	5844286581791	84771428	\N	我们有很好的儿童母语在线教育产品，老师为一线名师，产品自己销售也取得不错口碑，目前想找比较好的分销渠道，快速找到公微合作方，一家家谈太麻烦，想请教下有没靠谱的第三方机构可以做此事，或有更方便快捷的渠道。谢谢。	49	public	f	2016-03-20 11:01:22.13027+08	f	2016-03-21 16:43:20.672931+08	t	f
2016-03-27 10:08:22.926339+08	5904450383612	84746334	\N	行政职业转型期，应如何选择适合自己的职业方向，具体应考虑哪些因素？	149	draft	f	2016-03-27 10:08:22.926339+08	f	2016-03-27 10:08:22.926339+08	t	f
2016-03-26 19:52:19.109537+08	5899314039207	84896672	84814722	对于一个之前没有涉猎的专业，如何快速的入门？	49	accepted	f	2016-03-27 10:54:58.867109+08	f	2016-03-26 19:52:19.109537+08	t	f
2016-03-18 16:07:45.940271+08	5828846571792	84769791	84767089	互联网产品的后端开发工程师应该去如何提升自己的专业水平？BAT里针对不同等级的工程师的考核标准一般是什么？本人四年开发经验，希望能有一些方法来获得职业能力上的提升。	149	done	f	2016-03-27 18:00:00.106041+08	f	2016-03-20 21:57:53.225618+08	t	f
2016-03-21 18:46:44.414732+08	5855720444320	84783384	84783914	半年经验的DSP产品经理，明天要面试一家ad exchange公司。经验能力都有限，又不想失去这个机会，希望行家帮忙模拟面试。我会在沟通前把简历和岗位JD发给您。感谢！	149	done	t	2016-03-21 21:38:51.159324+08	f	2016-03-21 18:46:44.414732+08	t	f
2016-03-20 10:13:35.163266+08	5844001720976	84905950	84770637	在目前的形势下，毕业生是去大公司好还是创业公司好？我现在大四，很犹豫是去大公司工作还是找个创业公司试试，希望能有行家指点。	49	done	t	2016-03-20 21:13:28.321469+08	f	2016-03-20 10:57:56.572451+08	t	f
2016-03-20 21:36:47.416539+08	5848101037690	84749873	\N	求有制作T恤印染方面的专家 求推荐 扫盲	49	public	f	2016-03-20 21:36:51.881725+08	f	2016-03-20 21:36:47.416539+08	f	f
2016-03-14 18:44:46.482241+08	5795228671324	84758039	84763922	从小很怕狗，我没被狗咬过，也曾经尝试克服，但的确有的狗，尤其是一些小型犬一见到我就吠的很厉害……我对其他动物都没事，还很喜欢猫，对狗的图片玩具等等都没事。这个事倒是不是特别影响生活，但是一看见狗就不自觉的躲得超级远有时候还得为此绕路还是不太好……有什么科学的方法解决么？	49	done	t	2016-03-20 23:16:44.774994+08	f	2016-03-14 18:44:46.482241+08	t	f
2016-02-04 13:20:28.159314+08	5456323036461	84750532	84745915	如何制定全公司年度薪酬调整策略（非绩效考核策略），主要想了解实际案例。	49	done	t	2016-03-21 09:14:46.274219+08	f	2016-03-02 18:28:46.894183+08	t	f
2016-03-21 11:35:32.508749+08	5853133647820	84904094	84770637	请教如何从0开始，逐步建立互联网运营知识体系？从传统人力资源行业转型到互联网公司一个月的时间，以前没有接触过互联网公司和运营类职位，接受信息非常庞杂，需要理出一些体系。	149	done	t	2016-03-22 17:12:18.550253+08	f	2016-03-21 13:42:53.200346+08	t	f
2016-03-22 18:21:19.488717+08	5864207811854	84910371	84745858	情侣间出现矛盾的时候该如何处理？和男朋友在遇到争执的时候不太能控制自己的情绪，总是想当时就把所有的话说清楚，经常导致两个人情绪都比较激动，这个时候是应该怎么样处理会比较不伤害两个人的感情。	49	accepted	f	2016-03-22 18:21:19.488717+08	f	2016-03-22 18:21:19.488717+08	t	t
2016-02-27 21:36:33.753268+08	5658019470486	84751961	\N	想了解一下汇率相关的问题。目前手中澳元很多，想换成美元是不是保值一点？每月还需要兑换一些日元。不过每次看澳元跌日元美元涨都很心塞。怎么找到一个合适的点换钱呢？	49	refunded	f	2016-03-07 21:04:34.021225+08	f	2016-03-02 18:28:46.894183+08	t	f
2016-03-10 17:19:00.119686+08	5760154073676	84758954	\N	我想知道你认为最牛的前10位天使投资人，以及为什么？	49	refunded	f	2016-03-10 17:57:14.965571+08	f	2016-03-10 17:19:00.119686+08	t	f
2016-03-21 14:05:24.353738+08	5854032968226	84875893	84807877	如何让自己的个人微信公众号文章阅读量稳定在500+？本人职场新人，新闻学专业，想要运营一个自己的公众号，希望向相关人士请教公众号的定位以及运营等方面的经验。	49	done	t	2016-03-22 23:35:41.460043+08	f	2016-03-21 14:05:24.353738+08	t	f
2016-03-22 14:20:00.394239+08	5862760140860	84910194	84758947	互联网领域里的运营需要具备什么能力？大学读语言类专业，完全没有互联网相关经验的人，毕业后想要从事运营工作？需要读哪些书或者积累哪些经验？	149	accepted	f	2016-03-23 10:34:11.139584+08	f	2016-03-22 14:20:00.394239+08	t	f
2016-03-21 16:25:28.255592+08	5854872866832	84909824	84743803	怎么克服在做演讲时的紧张感？在公众面前讲话总是因为紧张而忘词，怎么才能解决这个问题，想提高一下自己在公众场合的表达能力。	49	done	f	2016-03-21 16:25:28.255592+08	f	2016-03-21 16:25:28.255592+08	t	t
2016-03-21 13:42:23.890843+08	5853894889661	84909734	84745854	UI设计师可以承担产品经理的职责吗？创业团队前期招人比较困难，如果早期让UI设计师身兼产品经理这个职位会有什么很严重的问题吗？	49	done	f	2016-03-21 13:42:23.890843+08	f	2016-03-21 13:42:23.890843+08	t	t
2016-03-21 11:35:52.73807+08	5853134934731	84909685	84745858	如何能快速提高做ppt的水平？在互联网公司做内容运营，经常需要做一些ppt，希望能有些设计感和美感，希望行家能给一些有效的学习建议。	49	done	f	2016-03-21 11:35:52.73807+08	f	2016-03-21 11:35:52.73807+08	t	t
2016-03-21 11:29:15.439413+08	5853095995645	84831762	\N	请教如何从0开始，逐步建立互联网运营知识体系？从传统人力资源行业转型到互联网公司一个月的时间，以前没有接触过互联网公司和运营类职位，接受信息非常庞杂，需要理出一些体系。	149	refunded	f	2016-03-21 11:32:49.802608+08	f	2016-03-21 11:29:15.439413+08	f	f
2016-03-23 23:45:57.688295+08	5874795937316	84748381	\N	道指又上17500点了，可以参与吗？	149	public	f	2016-03-23 23:46:02.077058+08	f	2016-03-23 23:45:57.688295+08	t	f
2016-03-11 20:03:24.44915+08	5769780766748	84768652	84777286	我注册了一些商标多数是互联网及软件应用领域的，原计划采用“商标+现金+创意”形式进行项目股权投资，想占看中项目的5%以内，类似于基于“商标创意天使投资”，请问怎样操作更靠谱？现有商标包括：茶缘、星工厂、来拍、快门儿等。	49	done	f	2016-03-24 11:30:00.091663+08	f	2016-03-11 20:03:24.44915+08	t	f
2016-03-16 11:43:33.919251+08	5809981531986	84808741	\N	如何申请Lynda（国外在线网站）的公司账号，并开具国内发票？如果您公司里面有在用那是最好的，想听听您公司员工的使用体验，pro&con	49	refunded	f	2016-03-21 13:56:08.748209+08	f	2016-03-16 11:43:33.919251+08	t	f
2016-03-25 14:33:45.754286+08	5888762668559	84770764	84783914	目前我们想建设一个在线培训平台，准备选择一专门开发在线培训平台公司的SaaS产品，这一家公司的服务器用的是阿里公有云，我们的域名是在新网注册的，目前似乎被卡在备案问题上了。服务商表示无法提供备案服务号，请问有没有什么办法可以解决。	49	accepted	f	2016-03-25 14:45:18.468153+08	f	2016-03-25 14:33:45.754286+08	t	f
2016-03-27 21:36:06.769648+08	5908576841151	84753335	\N	九岁孩子班里同学们瞒着老师搞了一个公司，公司下面还有若干个工作室，中间还发生过几起工作室倒闭合并兼营，每个工作室都有一个leader，整个公司主要靠发行彩票（自制）、代购、销售自制画等方式盈利，该公司运行一个学期后被叫停，想请教教育方面行家，从老师、家长、孩子角度如何面对思考此事	49	closed	f	2016-03-27 22:15:10.470939+08	f	2016-03-27 21:36:06.769648+08	t	f
2016-03-25 18:22:09.340078+08	5890133041414	84758039	\N	饮食过快、过饱或饮食后运动经常出现胃肠道潴留气体量增多引起的呃逆，多数时候无法通过打嗝将气体排出化解，需要使用物理方式引起呕吐才能缓解。偶尔就会这样，一旦遇到非常难受，请问如何解决？希望有医学背景的行家回答。	49	public	f	2016-03-25 18:22:23.424515+08	f	2016-03-25 18:22:09.340078+08	t	f
2016-03-23 22:19:18.778598+08	5874275785007	84751644	84762822	如何规划儿童的学习(4～6岁)，让她在学习能力上不会有所缺失？看到幼儿园别的小朋友都在报各种班，孩子(三岁半)妈妈坐不住了，想给孩子报一个艺术班和英语班，而我认为应该从整体上规划孩子的学习能力培养，希望有经验的行家给谈一谈，怎么做是合理的安排。	49	done	t	2016-03-26 21:28:19.209968+08	f	2016-03-23 22:19:18.778598+08	t	f
2016-03-10 18:06:54.501386+08	5760441431691	84758954	84774354	我在做一个共享经济的项目，接触了几家VC，想进一步了解如何确定项目的估值？	149	done	f	2016-03-27 16:30:00.074644+08	f	2016-03-10 18:06:54.501386+08	t	f
2016-03-26 07:30:51.715556+08	5894865443371	84814463	84751620	求科学有效的戒烟方法，曾经停止过数月，工作压力大或者情绪不稳定就容易复吸。	49	solved	f	2016-03-27 17:36:27.02386+08	f	2016-03-26 07:30:51.715556+08	t	f
2016-03-27 20:58:44.289706+08	5908352310395	84750886	\N	个性腼腆且懒惰，经常一年半载不与朋友联系，如何更好的维系友谊，拥有更多的朋友？	49	public	f	2016-03-27 20:59:02.089423+08	f	2016-03-27 20:58:44.289706+08	t	f
2016-03-22 17:18:00.501468+08	5863828122363	84896672	84764337	如何通过面试快速全面地了解一个公司（包括企业文化，氛围，特点等）？在面试的时候该通过哪些方面来判断一家公司适不适合自己？	49	done	t	2016-03-22 21:55:25.206658+08	f	2016-03-22 17:18:00.501468+08	t	f
2016-03-24 17:38:58.600737+08	5881233794653	84910194	84764337	如何克服紧张心理？快要毕业了，每次面试都非常紧张，回答问题声音小，说不出话。	49	accepted	f	2016-03-25 10:38:27.741464+08	f	2016-03-24 17:38:58.600737+08	t	f
2016-03-24 14:07:31.142308+08	5879965172707	84763305	84764337	想请问一个关于女性减脂方面的公众号如何进行话题定位和运营？希望达到的目标是和我在［在行］的话题“女性健康减肥塑形入门及进阶”协同对应，也进一步提高个人影响力。	149	accepted	f	2016-03-25 15:01:10.222757+08	f	2016-03-24 14:07:31.142308+08	t	f
2016-03-22 22:07:27.571905+08	5865564661436	84758947	\N	护肤品的跨界合作，还有哪些可能的方向？我们是阿芙精油，之前与小王子，哆啦A梦，几米，陈漫合作过，请问还有哪些领域的可能？直播？公众号？还是？（不用通话，文字回答即可，节省您的时间😀ོ）	149	public	f	2016-03-22 22:07:32.950959+08	f	2016-03-22 22:07:27.571905+08	t	f
2016-03-23 11:42:31.20962+08	5870455042662	84769138	\N	我们是一家精细化工生产企业，因为盈利能力比较强，加上不注重管理，所以浪费严重，我想通过在行找一位采购方面有经验的老师，能帮助我们建立一套采购流程和制度，传授一些经验，谢谢！	149	draft	f	2016-03-23 11:42:31.20962+08	f	2016-03-23 11:42:31.20962+08	t	f
2016-03-23 17:02:39.291463+08	5872376010903	84875893	84774183	新闻学专业本科生希望转专业，有哪些比较偏理工类的专业可供选择？高中为理科生，大学学了四年新闻，毕业之际发现，无论是基于个人兴趣还是未来职业选择，还是希望可以学一个需要学数学的专业，想了解有哪些理科专业适合文科生跨考。如果能和未来职业规划结合起来谈就更好啦！	49	accepted	f	2016-03-25 16:36:41.440345+08	f	2016-03-23 17:02:39.291463+08	t	f
2016-03-22 22:00:07.634575+08	5865520962094	84754105	84840935	需要一份你（都市职业女性／男性）的穿衣搭配分享，不少于五类情景搭配着装，如上班时、购物时、派对时或最自在的穿着、最有爱的搭配、最常穿的单品等。如果可以的话，我希望您提供图片，我会将我们的对话制作成文字，并希望发布在微信公众号“喜波”的#风格榜样#中。THX!	49	accepted	f	2016-03-23 12:05:39.111883+08	f	2016-03-22 22:00:07.634575+08	t	f
2016-03-19 14:27:02.117568+08	5836882419097	84769791	84779091	英语不好。中学、大学的英语都没怎么认真学。现在的英语是这几年工作中写代码积累的。如果，现在想开始学英语，应该怎么有计划地去学习？	49	solved	f	2016-03-25 18:42:43.811763+08	f	2016-03-19 14:27:02.117568+08	t	f
2016-03-23 18:14:29.209695+08	5872807050223	84747843	84774354	创业项目做早期用户满意度调查有什么高效的方法？如何收集用户对产品的有效建议？调查问题的设置需要注意什么？怎么能更好了解用户的潜在需求或真实意见？	149	done	t	2016-03-26 23:36:39.813698+08	f	2016-03-23 19:46:26.51279+08	t	f
2016-03-26 22:28:20.447271+08	5900250181293	84765048	84814722	如何做好一次用户画像的Workshop(抽象出几个具体人物形象)？PS：基础的调研和数据分析已完成。	49	accepted	f	2016-03-27 12:00:59.542475+08	f	2016-03-26 22:28:20.447271+08	t	f
2016-03-26 22:08:38.39195+08	5900131955834	84743845	84788900	程序员如何提高自己的竞争力，让自己有质的提高，合理规划好自己的职业生涯。	49	done	t	2016-03-27 18:46:19.542171+08	f	2016-03-26 22:08:38.39195+08	t	f
2016-03-24 17:57:24.627547+08	5881344523692	84816602	84764337	想请教如何提高沟通表达能力？有时候心里明明是那样想的，但是表达出来后却变了意思，或者get不到对方的点，平白增加了沟通成本。	149	done	t	2016-03-27 20:53:27.789277+08	f	2016-03-24 17:57:24.627547+08	t	f
2016-03-23 22:15:51.734865+08	5874255398283	84810998	84764337	线上瘦身服务，如何找到合适的线上渠道进行有效传播和解决信任问题？	149	done	f	2016-03-27 23:30:00.094993+08	f	2016-03-23 22:15:51.734865+08	t	f
2016-03-24 18:30:19.592161+08	5881542012229	84767567	84774183	如何快速判断简历中从业经历的真实性？	49	solved	f	2016-03-28 00:32:26.274877+08	f	2016-03-24 18:30:19.592161+08	t	f
2016-03-23 20:27:13.827217+08	5873603514161	84815999	\N	如何零基础学习宴会设计？需要哪些技能？	149	public	f	2016-03-23 20:27:30.590543+08	f	2016-03-23 20:27:13.827217+08	t	f
2016-03-23 21:14:22.2706+08	5873886166626	84800745	\N	我想读视频研究方向的博士，包括VR影像等技术领域的应用，影视拍摄方面的未来趋势。而且对去哪个学校学习没有认识。想请教大牛为我解答我读博的困惑	149	draft	f	2016-03-23 21:14:22.2706+08	f	2016-03-23 21:14:22.2706+08	t	f
2016-03-23 23:27:42.842594+08	5874686449358	84754186	\N	什么是二次元？别老是说日本授权，宫崎骏好吗？	149	draft	f	2016-03-23 23:27:42.842594+08	f	2016-03-23 23:27:42.842594+08	t	f
2016-03-24 02:12:16.372019+08	5875673886613	84809351	\N	我想做一个模型搜索，想要一起来玩玩吗？（地产行业）	49	draft	f	2016-03-24 02:12:16.372019+08	f	2016-03-24 02:12:16.372019+08	t	f
2016-03-20 16:00:59.520488+08	5846086134500	84749873	84771428	如何能在短时间内 通过个人信誉与人格拿到60万	49	done	f	2016-03-24 09:00:00.136303+08	f	2016-03-20 16:00:59.520488+08	t	f
2016-03-23 11:47:45.301837+08	5870486526298	84769138	84892119	采购管理方面有什么行之有效的流程和制度？我们是一家精细化工生产企业，盈利能力较强但管理较弱，以致浪费严重，我想先从采购入手进行管控，希望能请教在采购方面富有经验的老师，能指导一些流程制度并传授经验，如果有高效的工具推荐更好。	149	done	t	2016-03-24 14:57:25.310277+08	f	2016-03-23 19:46:17.919644+08	t	f
2016-03-23 13:15:34.525328+08	5871013436696	84905950	84775743	什么样的简历增加初审通过的概率？我是一名学生，想要申请暑期实习，但是感觉简历还不够完善，内容多但是重点不突出，想找行家帮忙稍微修改一下。	49	done	t	2016-03-24 15:05:07.70569+08	f	2016-03-23 13:15:34.525328+08	t	f
2016-03-14 19:55:44.725332+08	5795654579033	84769138	84756117	孩子初学钢琴，但常州小城市缺少高水准的钢琴老师，感觉孩子有兴趣，希望请好的老师指点	149	done	t	2016-03-24 15:30:38.990356+08	f	2016-03-14 19:55:44.725332+08	t	f
2016-03-24 17:15:47.144727+08	5881094840476	84751531	\N	有没有做建筑设计、室内设计相关的行家？我是一名摄影师，想寻求拍摄项目，希望可以与您聊聊。	49	public	f	2016-03-24 17:15:57.562484+08	f	2016-03-24 17:15:47.144727+08	f	f
2016-03-23 18:09:32.87678+08	5872777383500	84910928	84746853	公司团建有哪些有意思的活动？我们团队人不是很多，大约12人左右，除了吃饭、唱歌、滑雪、烧烤，还有哪些比较有好玩独特的组织方式？	49	accepted	f	2016-03-23 18:09:32.87678+08	f	2016-03-23 18:09:32.87678+08	t	t
2016-03-23 16:04:21.348673+08	5872026255107	84910816	84743818	创业团队早期如何选办公地址？是进孵化器比较好，还是租写字楼比较好，各有什么优缺点？	49	accepted	f	2016-03-23 16:04:21.348673+08	f	2016-03-23 16:04:21.348673+08	t	t
2016-03-23 14:01:33.268156+08	5871289213944	84896672	84763922	怎么能判断自己的的职业性格？想要知道自己的职业性格，从而可以更好的处理工作中遇到的一些问题，所以想请行家帮我测评一下。	49	done	t	2016-03-24 22:01:15.347106+08	f	2016-03-23 14:01:33.268156+08	t	f
